sample_unit,Actinopterygii,Ammodytes marinus,Ammodytidae,Callionymidae,Cephalopoda,Clupea harengus,Clupeidae,Cottidae,Crustacea,Entelurus aequoreus,Gadidae,Gadus morhua,Gaidropsarus,Gobiidae,Gobius,Gonatus steenstrupi,Hyperia galba,Hyperoplus lanceolatus,Labridae,Lotidae,Maurolicus muelleri,Melanogrammus aeglefinus,Merlangius merlangus,Micromesistius poutassou,Mollusca,Other/rare prey,Pholidae,Pholis gunnellus,Pleuronectidae,Pleuronectiformes,Pollachius virens,Polychaeta,Scomber scombrus,Sprattus sprattus,Syngnathidae,Teuthida,Trisopterus,Trisopterus esmarkii,Trisopterus minutus,Zoarces viviparus,other
Alca torda | East Anglia | 1983,0.0,0.0,0.0,0.0,0.0,0.0,0.422,0.0,0.0,0.0,0.0,0.0,0.0,0.0,0.011,0.0,0.0,0.0,0.0,0.0,0.0,0.0,0.0,0.0,0.0,0.0,0.0,0.0,0.0,0.0,0.0,0.0,0.0,0.422,0.0,0.0,0.0,0.0,0.0,0.0,0.0
Alca torda | Moray Firth | 1983,0.0,0.0,0.0,0.0,0.0,0.313,0.0,0.0,0.018,0.0,0.0,0.0,0.0,0.0,0.0,0.0,0.0,0.0,0.0,0.0,0.0,0.0,0.125,0.0,0.0,0.0,0.0,0.0,0.0,0.0,0.0,0.064,0.0,0.042,0.0,0.0,0.0,0.0,0.042,0.0,0.0
Alca torda | Newcastle | 1983,0.0,0.0,0.0,0.0,0.0,0.0,0.0,0.0,0.014,0.0,0.0,0.0,0.0,0.0,0.127,0.0,0.0,0.041,0.0,0.0,0.032,0.0,0.048,0.0,0.0,0.0,0.0,0.0,0.0,0.0,0.0,0.101,0.0,0.0,0.0,0.0,0.0,0.0,0.0,0.0,0.0
Alca torda | Rathlin | 2008,0.0,0.0,0.83,0.0,0.0,0.0,0.17,0.0,0.0,0.0,0.0,0.0,0.0,0.0,0.0,0.0,0.0,0.0,0.0,0.0,0.0,0.0,0.0,0.0,0.0,0.0,0.0,0.0,0.0,0.0,0.0,0.0,0.0,0.0,0.0,0.0,0.0,0.0,0.0,0.0,0.0
Alca torda | Rathlin | 2009,0.0,0.0,0.56,0.0,0.0,0.0,0.44,0.0,0.0,0.0,0.0,0.0,0.0,0.0,0.0,0.0,0.0,0.0,0.0,0.0,0.0,0.0,0.0,0.0,0.0,0.0,0.0,0.0,0.0,0.0,0.0,0.0,0.0,0.0,0.0,0.0,0.0,0.0,0.0,0.0,0.0
Alca torda | Rathlin | 2010,0.0,0.0,0.91,0.0,0.0,0.0,0.09,0.0,0.0,0.0,0.0,0.0,0.0,0.0,0.0,0.0,0.0,0.0,0.0,0.0,0.0,0.0,0.0,0.0,0.0,0.0,0.0,0.0,0.0,0.0,0.0,0.0,0.0,0.0,0.0,0.0,0.0,0.0,0.0,0.0,0.0
Fratercula arctica | Co. Kerry | 1973,0.0,0.0,0.192,0.0,0.0,0.0,0.0,0.0,0.0,0.0,0.0,0.0,0.0,0.0,0.0,0.0,0.0,0.0,0.0,0.0,0.0,0.0,0.0,0.0,0.0,0.0,0.0,0.0,0.0,0.0,0.0,0.0,0.0,0.769,0.0,0.0,0.0,0.0,0.0,0.0,0.038
Fratercula arctica | East Anglia | 1983,0.0,0.0,0.89,0.0,0.0,0.0,0.33,0.0,0.0,0.0,0.0,0.0,0.0,0.0,0.0,0.0,0.0,0.0,0.0,0.0,0.0,0.0,0.0,0.0,0.0,0.0,0.0,0.0,0.0,0.0,0.0,0.11,0.0,0.0,0.0,0.0,0.0,0.0,0.0,0.0,0.0
Fratercula arctica | Fair Isle | 1974,0.0,0.0,0.745,0.0,0.0,0.0,0.0,0.0,0.0,0.0,0.0,0.0,0.0,0.0,0.0,0.0,0.0,0.0,0.0,0.0,0.0,0.0,0.255,0.0,0.0,0.0,0.0,0.0,0.0,0.0,0.0,0.0,0.0,0.0,0.0,0.0,0.0,0.0,0.0,0.0,0.0
Fratercula arctica | Fair Isle | 1975,0.0,0.0,0.761,0.0,0.0,0.0,0.0,0.0,0.0,0.0,0.0,0.0,0.137,0.0,0.0,0.0,0.0,0.0,0.0,0.0,0.0,0.0,0.0,0.0,0.0,0.0,0.0,0.0,0.0,0.0,0.0,0.0,0.0,0.103,0.0,0.0,0.0,0.0,0.0,0.0,0.0
Fratercula arctica | Fair Isle | 1976,0.0,0.0,0.939,0.0,0.0,0.0,0.0,0.0,0.0,0.0,0.0,0.0,0.028,0.0,0.0,0.0,0.0,0.0,0.0,0.0,0.0,0.0,0.0,0.0,0.0,0.0,0.0,0.0,0.0,0.0,0.033,0.0,0.0,0.0,0.0,0.0,0.0,0.0,0.0,0.0,0.0
Fratercula arctica | Fair Isle | 1977,0.0,0.0,0.94,0.0,0.0,0.0,0.0,0.0,0.0,0.0,0.0,0.0,0.01,0.0,0.0,0.0,0.0,0.0,0.0,0.0,0.0,0.0,0.01,0.0,0.0,0.0,0.0,0.0,0.0,0.0,0.0,0.0,0.0,0.04,0.0,0.0,0.0,0.0,0.0,0.0,0.0
Fratercula arctica | Fair Isle | 1986,0.0,0.0,0.96,0.0,0.0,0.0,0.0,0.0,0.0,0.0,0.0,0.0,0.02,0.0,0.0,0.0,0.0,0.0,0.0,0.0,0.0,0.0,0.02,0.0,0.0,0.0,0.0,0.0,0.0,0.0,0.0,0.0,0.0,0.0,0.0,0.0,0.0,0.0,0.0,0.0,0.0
Fratercula arctica | Fair Isle | 1987,0.0,0.0,0.95,0.0,0.0,0.0,0.0,0.0,0.0,0.0,0.0,0.0,0.0,0.0,0.0,0.0,0.0,0.0,0.0,0.0,0.0,0.0,0.0,0.0,0.0,0.0,0.0,0.0,0.0,0.0,0.0,0.0,0.0,0.0,0.0,0.0,0.0,0.0,0.0,0.0,0.0
Fratercula arctica | Fair Isle | 1988,0.0,0.0,0.4215,0.0,0.0,0.0,0.05,0.0,0.0,0.0,0.521,0.0,0.01,0.0,0.0,0.0,0.0,0.0,0.0,0.0,0.0,0.0,0.51,0.0,0.0,0.0,0.0,0.0,0.0,0.006,0.0,0.0,0.0,0.05,0.0,0.0,0.0,0.0,0.0,0.0,0.0
Fratercula arctica | Fair Isle | 1989,0.0,0.0,0.743,0.0,0.0,0.0,0.092,0.0,0.0,0.0,0.165,0.0,0.0,0.0,0.0,0.0,0.0,0.0,0.0,0.0,0.0,0.0,0.0,0.0,0.0,0.0,0.0,0.0,0.0,0.0,0.0,0.0,0.0,0.0,0.0,0.0,0.0,0.0,0.0,0.0,0.0
Fratercula arctica | Fair Isle | 1990,0.0,0.0,0.452,0.0,0.0,0.0,0.132,0.0,0.0,0.0,0.416,0.0,0.0,0.0,0.0,0.0,0.0,0.0,0.0,0.0,0.0,0.0,0.0,0.0,0.0,0.0,0.0,0.0,0.0,0.0,0.0,0.0,0.0,0.0,0.0,0.0,0.0,0.0,0.0,0.0,0.0
Fratercula arctica | Fair Isle | 1991,0.0,0.0,0.932,0.0,0.0,0.0,0.029,0.0,0.0,0.0,0.039,0.0,0.0,0.0,0.0,0.0,0.0,0.0,0.0,0.0,0.0,0.0,0.0,0.0,0.0,0.0,0.0,0.0,0.0,0.0,0.0,0.0,0.0,0.0,0.0,0.0,0.0,0.0,0.0,0.0,0.0
Fratercula arctica | Fair Isle | 1992,0.0,0.0,0.288,0.0,0.0,0.0,0.0,0.0,0.0,0.0,0.712,0.0,0.0,0.0,0.0,0.0,0.0,0.0,0.0,0.0,0.0,0.0,0.0,0.0,0.0,0.0,0.0,0.0,0.0,0.0,0.0,0.0,0.0,0.0,0.0,0.0,0.0,0.0,0.0,0.0,0.0
Fratercula arctica | Fair Isle | 1993,0.0,0.0,0.443,0.0,0.0,0.0,0.038,0.0,0.0,0.0,0.519,0.0,0.0,0.0,0.0,0.0,0.0,0.0,0.0,0.0,0.0,0.0,0.0,0.0,0.0,0.0,0.0,0.0,0.0,0.0,0.0,0.0,0.0,0.0,0.0,0.0,0.0,0.0,0.0,0.0,0.0
Fratercula arctica | Fair Isle | 1994,0.0,0.0,0.828,0.0,0.0,0.0,0.0,0.0,0.0,0.0,0.162,0.0,0.0,0.0,0.0,0.0,0.0,0.0,0.0,0.0,0.0,0.0,0.0,0.0,0.0,0.0,0.0,0.0,0.0,0.0,0.0,0.0,0.0,0.0,0.0,0.0,0.0,0.0,0.0,0.0,0.01
Fratercula arctica | Fair Isle | 1995,0.0,0.0,0.559,0.0,0.0,0.0,0.077,0.0,0.0,0.0,0.364,0.0,0.0,0.0,0.0,0.0,0.0,0.0,0.0,0.0,0.0,0.0,0.0,0.0,0.0,0.0,0.0,0.0,0.0,0.0,0.0,0.0,0.0,0.0,0.0,0.0,0.0,0.0,0.0,0.0,0.0
Fratercula arctica | Fair Isle | 1996,0.0,0.0,0.884,0.0,0.0,0.0,0.055,0.0,0.0,0.0,0.061,0.0,0.0,0.0,0.0,0.0,0.0,0.0,0.0,0.0,0.0,0.0,0.0,0.0,0.0,0.0,0.0,0.0,0.0,0.0,0.0,0.0,0.0,0.0,0.0,0.0,0.0,0.0,0.0,0.0,0.0
Fratercula arctica | Fair Isle | 1997,0.0,0.0,0.406,0.0,0.0,0.0,0.013,0.0,0.0,0.0,0.544,0.0,0.0,0.0,0.0,0.0,0.0,0.0,0.0,0.0,0.0,0.0,0.0,0.0,0.0,0.0,0.0,0.0,0.0,0.0,0.0,0.0,0.0,0.0,0.0,0.0,0.0,0.0,0.0,0.0,0.037
Fratercula arctica | Fair Isle | 1998,0.0,0.0,0.178,0.0,0.0,0.0,0.0,0.0,0.0,0.0,0.773,0.0,0.0,0.0,0.0,0.0,0.0,0.0,0.0,0.0,0.0,0.0,0.0,0.0,0.0,0.0,0.0,0.0,0.0,0.0,0.0,0.0,0.0,0.0,0.0,0.0,0.0,0.0,0.0,0.0,0.049
Fratercula arctica | Fair Isle | 1999,0.0,0.0,0.959,0.0,0.0,0.0,0.01,0.0,0.0,0.0,0.031,0.0,0.0,0.0,0.0,0.0,0.0,0.0,0.0,0.0,0.0,0.0,0.0,0.0,0.0,0.0,0.0,0.0,0.0,0.0,0.0,0.0,0.0,0.0,0.0,0.0,0.0,0.0,0.0,0.0,0.0
Fratercula arctica | Fair Isle | 2000,0.0,0.0,0.97,0.0,0.0,0.0,0.021,0.0,0.0,0.0,0.009,0.0,0.0,0.0,0.0,0.0,0.0,0.0,0.0,0.0,0.0,0.0,0.0,0.0,0.0,0.0,0.0,0.0,0.0,0.0,0.0,0.0,0.0,0.0,0.0,0.0,0.0,0.0,0.0,0.0,0.0
Fratercula arctica | Fair Isle | 2001,0.0,0.0,0.632,0.0,0.0,0.0,0.023,0.0,0.0,0.0,0.137,0.0,0.0,0.0,0.0,0.0,0.0,0.0,0.0,0.0,0.0,0.0,0.0,0.0,0.0,0.0,0.0,0.0,0.0,0.012,0.0,0.0,0.0,0.0,0.0,0.0,0.0,0.0,0.0,0.0,0.196
Fratercula arctica | Fair Isle | 2002,0.0,0.0,0.405,0.0,0.0,0.0,0.434,0.0,0.0,0.0,0.128,0.0,0.0,0.0,0.0,0.0,0.0,0.0,0.0,0.0,0.0,0.0,0.0,0.0,0.0,0.0,0.0,0.0,0.0,0.033,0.0,0.0,0.0,0.0,0.0,0.0,0.0,0.0,0.0,0.0,0.0
Fratercula arctica | Fair Isle | 2003,0.0,0.0,0.148,0.0,0.0,0.0,0.665,0.0,0.0,0.0,0.187,0.0,0.0,0.0,0.0,0.0,0.0,0.0,0.0,0.0,0.0,0.0,0.0,0.0,0.0,0.0,0.0,0.0,0.0,0.0,0.0,0.0,0.0,0.0,0.0,0.0,0.0,0.0,0.0,0.0,0.0
Fratercula arctica | Fair Isle | 2004,0.0,0.0,0.841,0.0,0.0,0.0,0.0,0.0,0.0,0.0,0.143,0.0,0.0,0.0,0.0,0.0,0.0,0.0,0.0,0.0,0.0,0.0,0.0,0.0,0.0,0.0,0.0,0.0,0.0,0.0,0.0,0.0,0.0,0.0,0.016,0.0,0.0,0.0,0.0,0.0,0.0
Fratercula arctica | Fair Isle | 2005,0.0,0.0,0.539,0.0,0.0,0.0,0.362,0.0,0.0,0.0,0.073,0.0,0.0,0.0,0.0,0.0,0.0,0.0,0.0,0.0,0.0,0.0,0.0,0.0,0.0,0.0,0.0,0.0,0.0,0.0,0.0,0.0,0.0,0.0,0.026,0.0,0.0,0.0,0.0,0.0,0.0
Fratercula arctica | Fair Isle | 2006,0.0,0.0,0.074,0.0,0.0,0.0,0.103,0.0,0.0,0.0,0.396,0.0,0.0,0.0,0.0,0.0,0.0,0.0,0.0,0.0,0.0,0.0,0.0,0.0,0.0,0.0,0.0,0.0,0.0,0.015,0.0,0.0,0.0,0.0,0.412,0.0,0.0,0.0,0.0,0.0,0.0
Fratercula arctica | Fair Isle | 2007,0.0,0.0,0.6,0.0,0.0,0.0,0.0,0.0,0.0,0.0,0.326,0.0,0.0,0.0,0.0,0.0,0.0,0.0,0.0,0.0,0.0,0.0,0.0,0.0,0.0,0.0,0.0,0.0,0.0,0.0,0.0,0.0,0.0,0.0,0.074,0.0,0.0,0.0,0.0,0.0,0.0
Fratercula arctica | Fair Isle | 2008,0.0,0.0,0.485,0.0,0.0,0.0,0.0,0.0,0.0,0.0,0.515,0.0,0.0,0.0,0.0,0.0,0.0,0.0,0.0,0.0,0.0,0.0,0.0,0.0,0.0,0.0,0.0,0.0,0.0,0.0,0.0,0.0,0.0,0.0,0.0,0.0,0.0,0.0,0.0,0.0,0.0
Fratercula arctica | Fair Isle | 2009,0.0,0.0,0.347,0.0,0.0,0.0,0.0,0.0,0.0,0.0,0.653,0.0,0.0,0.0,0.0,0.0,0.0,0.0,0.0,0.0,0.0,0.0,0.0,0.0,0.0,0.0,0.0,0.0,0.0,0.0,0.0,0.0,0.0,0.0,0.0,0.0,0.0,0.0,0.0,0.0,0.0
Fratercula arctica | Fair Isle | 2010,0.0,0.0,0.629,0.0,0.0,0.0,0.009,0.0,0.0,0.0,0.362,0.0,0.0,0.0,0.0,0.0,0.0,0.0,0.0,0.0,0.0,0.0,0.0,0.0,0.0,0.0,0.0,0.0,0.0,0.0,0.0,0.0,0.0,0.0,0.0,0.0,0.0,0.0,0.0,0.0,0.0
Fratercula arctica | Fair Isle | 2011,0.0,0.0,0.637,0.0,0.0,0.0,0.0,0.0,0.0,0.0,0.363,0.0,0.0,0.0,0.0,0.0,0.0,0.0,0.0,0.0,0.0,0.0,0.0,0.0,0.0,0.0,0.0,0.0,0.0,0.0,0.0,0.0,0.0,0.0,0.0,0.0,0.0,0.0,0.0,0.0,0.0
Fratercula arctica | Fair Isle | 2012,0.0,0.0,0.525,0.0,0.0,0.0,0.003,0.0,0.0,0.0,0.472,0.0,0.0,0.0,0.0,0.0,0.0,0.0,0.0,0.0,0.0,0.0,0.0,0.0,0.0,0.0,0.0,0.0,0.0,0.0,0.0,0.0,0.0,0.0,0.0,0.0,0.0,0.0,0.0,0.0,0.0
Fratercula arctica | Fair Isle | 2013,0.0,0.0,0.489,0.0,0.0,0.0,0.293,0.0,0.0,0.0,0.216,0.0,0.0,0.0,0.0,0.0,0.0,0.0,0.0,0.0,0.0,0.0,0.0,0.0,0.0,0.0,0.0,0.0,0.0,0.0,0.0,0.0,0.0,0.0,0.0,0.0,0.0,0.0,0.0,0.0,0.002
Fratercula arctica | Faraid Head | 1973,0.0,0.0,0.25,0.0,0.0,0.0,0.0,0.0,0.0,0.0,0.0,0.0,0.0,0.0,0.0,0.0,0.0,0.0,0.0,0.0,0.0,0.0,0.25,0.0,0.0,0.0,0.0,0.0,0.0,0.0,0.25,0.0,0.0,0.25,0.0,0.0,0.0,0.0,0.0,0.0,0.0
Fratercula arctica | Faraid Head | 1975,0.0,0.0,0.755,0.0,0.0,0.0,0.0,0.0,0.0,0.0,0.0,0.0,0.071,0.0,0.0,0.0,0.0,0.0,0.0,0.0,0.0,0.0,0.133,0.0,0.0,0.0,0.0,0.0,0.0,0.0,0.0,0.0,0.0,0.041,0.0,0.0,0.0,0.0,0.0,0.0,0.0
Fratercula arctica | Farne Islands | 1962,0.0,0.0,0.85,0.0,0.0,0.0,0.02,0.0,0.0,0.0,0.0,0.0,0.0,0.0,0.0,0.0,0.0,0.0,0.0,0.0,0.0,0.0,0.0,0.0,0.0,0.065,0.0,0.0,0.0,0.0,0.0,0.0,0.0,0.0,0.0,0.0,0.0,0.0,0.0,0.0,0.0
Fratercula arctica | Flannan Islands | 1975,0.0,0.0,0.681,0.0,0.0,0.0,0.0,0.0,0.0,0.0,0.0,0.0,0.051,0.0,0.0,0.0,0.0,0.0,0.0,0.0,0.0,0.0,0.013,0.0,0.0,0.0,0.0,0.0,0.0,0.0,0.0,0.0,0.0,0.256,0.0,0.0,0.0,0.0,0.0,0.0,0.0
Fratercula arctica | Foula | 1974,0.0,0.0,1.0,0.0,0.0,0.0,0.0,0.0,0.0,0.0,0.0,0.0,0.0,0.0,0.0,0.0,0.0,0.0,0.0,0.0,0.0,0.0,0.0,0.0,0.0,0.0,0.0,0.0,0.0,0.0,0.0,0.0,0.0,0.0,0.0,0.0,0.0,0.0,0.0,0.0,0.0
Fratercula arctica | Hermaness | 1973,0.0,0.0,0.681,0.0,0.0,0.0,0.0,0.0,0.0,0.0,0.0,0.0,0.312,0.0,0.0,0.0,0.0,0.0,0.0,0.0,0.0,0.0,0.007,0.0,0.0,0.0,0.0,0.0,0.0,0.0,0.0,0.0,0.0,0.0,0.0,0.0,0.0,0.0,0.0,0.0,0.0
Fratercula arctica | Hermaness | 1974,0.0,0.0,0.436,0.0,0.0,0.0,0.0,0.0,0.0,0.0,0.0,0.0,0.382,0.0,0.0,0.0,0.0,0.0,0.0,0.0,0.0,0.091,0.009,0.0,0.0,0.0,0.0,0.0,0.0,0.0,0.0,0.0,0.0,0.009,0.0,0.0,0.0,0.0,0.0,0.0,0.073
Fratercula arctica | Hermaness | 1976,0.0,0.0,0.478,0.0,0.0,0.0,0.0,0.0,0.0,0.0,0.0,0.0,0.439,0.0,0.0,0.0,0.0,0.0,0.0,0.0,0.0,0.0,0.0,0.0,0.0,0.0,0.0,0.0,0.0,0.0,0.0,0.0,0.0,0.051,0.0,0.0,0.0,0.0,0.0,0.0,0.032
Fratercula arctica | Isle of May | 1972,0.0,0.0,0.452,0.0,0.0,0.0,0.0,0.0,0.0,0.0,0.0,0.0,0.5,0.0,0.0,0.0,0.0,0.0,0.0,0.0,0.0,0.0,0.0,0.0,0.0,0.0,0.0,0.0,0.0,0.0,0.01,0.0,0.0,0.038,0.0,0.0,0.0,0.0,0.0,0.0,0.0
Fratercula arctica | Isle of May | 1973,0.0,0.0,0.712,0.0,0.0,0.0,0.0,0.0,0.0,0.0,0.0,0.0,0.031,0.0,0.0,0.0,0.0,0.0,0.0,0.0,0.0,0.0,0.0,0.0,0.0,0.0,0.0,0.0,0.0,0.0,0.006,0.0,0.0,0.029,0.0,0.0,0.0,0.0,0.0,0.0,0.0
Fratercula arctica | Isle of May | 1974,0.0,0.0,0.48,0.0,0.0,0.0,0.0,0.0,0.0,0.0,0.0,0.0,0.009,0.0,0.0,0.0,0.0,0.0,0.0,0.0,0.0,0.0,0.0,0.0,0.0,0.0,0.0,0.0,0.0,0.0,0.012,0.0,0.0,0.276,0.0,0.0,0.0,0.0,0.0,0.0,0.012
Fratercula arctica | Isle of May | 1975,0.0,0.0,0.248,0.0,0.0,0.0,0.0,0.0,0.0,0.0,0.0,0.0,0.04,0.0,0.0,0.0,0.0,0.0,0.0,0.0,0.0,0.0,0.0,0.0,0.0,0.0,0.0,0.0,0.0,0.0,0.013,0.0,0.0,0.735,0.0,0.0,0.0,0.0,0.0,0.0,0.002
Fratercula arctica | Isle of May | 1976,0.0,0.0,0.503,0.0,0.0,0.0,0.0,0.0,0.0,0.0,0.0,0.0,0.003,0.0,0.0,0.0,0.0,0.0,0.0,0.0,0.0,0.0,0.0,0.0,0.0,0.0,0.0,0.0,0.0,0.0,0.142,0.0,0.0,0.294,0.0,0.0,0.0,0.0,0.0,0.0,0.011
Fratercula arctica | North Rona | 1972,0.0,0.0,0.492,0.0,0.0,0.0,0.0,0.0,0.0,0.0,0.0,0.0,0.0,0.0,0.0,0.0,0.0,0.0,0.0,0.0,0.0,0.0,0.0,0.0,0.0,0.508,0.0,0.0,0.0,0.0,0.0,0.0,0.0,0.0,0.0,0.0,0.0,0.0,0.0,0.0,0.0
Fratercula arctica | North Rona | 1976,0.0,0.0,0.326,0.0,0.0,0.0,0.0,0.0,0.0,0.0,0.0,0.0,0.667,0.0,0.0,0.0,0.0,0.0,0.0,0.0,0.0,0.0,0.007,0.0,0.0,0.0,0.0,0.0,0.0,0.0,0.0,0.0,0.0,0.0,0.0,0.0,0.0,0.0,0.0,0.0,0.0
Fratercula arctica | Shiants Islands | 1973,0.0,0.0,0.583,0.0,0.0,0.0,0.0,0.0,0.0,0.0,0.0,0.0,0.049,0.0,0.0,0.0,0.0,0.0,0.0,0.0,0.0,0.031,0.275,0.0,0.0,0.0,0.0,0.0,0.0,0.0,0.0,0.0,0.0,0.006,0.0,0.0,0.0,0.0,0.0,0.0,0.055
Fratercula arctica | Shiants Islands | 1975,0.0,0.0,0.71,0.0,0.0,0.0,0.0,0.0,0.0,0.0,0.0,0.0,0.0,0.0,0.0,0.0,0.0,0.0,0.0,0.0,0.0,0.0,0.258,0.0,0.0,0.0,0.0,0.0,0.0,0.0,0.0,0.0,0.0,0.032,0.0,0.0,0.0,0.0,0.0,0.0,0.0
Fratercula arctica | Shiants Islands | 1976,0.0,0.0,0.102,0.0,0.0,0.0,0.0,0.0,0.0,0.0,0.0,0.0,0.015,0.0,0.0,0.0,0.0,0.0,0.0,0.0,0.0,0.0,0.346,0.0,0.0,0.0,0.0,0.0,0.0,0.0,0.005,0.0,0.0,0.532,0.0,0.0,0.0,0.0,0.0,0.0,0.0
Fratercula arctica | Skomer | 1970,0.0,0.536,0.007,0.0,0.0,0.033,0.0,0.0,0.0,0.0,0.002,0.0,0.0,0.0,0.0,0.0,0.0,0.002,0.0,0.0,0.0,0.0,0.0,0.0,0.0,0.0,0.0,0.0,0.0,0.0,0.0,0.0,0.0,0.42,0.0,0.0,0.0,0.0,0.0,0.0,0.0
Fratercula arctica | St Kilda | 1971,0.0,0.0,0.344,0.0,0.0,0.0,0.0,0.0,0.0,0.0,0.0,0.0,0.6,0.0,0.0,0.0,0.0,0.0,0.0,0.0,0.0,0.0,0.047,0.0,0.0,0.0,0.0,0.0,0.0,0.0,0.0,0.0,0.0,0.0,0.0,0.0,0.0,0.0,0.0,0.0,0.008
Fratercula arctica | St Kilda | 1973,0.0,0.0,0.32,0.0,0.0,0.0,0.0,0.0,0.0,0.0,0.0,0.0,0.27,0.0,0.0,0.0,0.0,0.0,0.0,0.0,0.0,0.0,0.323,0.0,0.0,0.0,0.0,0.0,0.0,0.0,0.0,0.0,0.0,0.008,0.0,0.0,0.0,0.0,0.0,0.0,0.078
Fratercula arctica | St Kilda | 1974,0.0,0.0,0.588,0.0,0.0,0.0,0.0,0.0,0.0,0.0,0.0,0.0,0.056,0.0,0.0,0.0,0.0,0.0,0.0,0.0,0.0,0.007,0.183,0.0,0.0,0.0,0.0,0.0,0.0,0.0,0.0,0.0,0.0,0.166,0.0,0.0,0.0,0.0,0.0,0.0,0.0
Fratercula arctica | St Kilda | 1975,0.0,0.0,0.092,0.0,0.0,0.0,0.0,0.0,0.0,0.0,0.0,0.0,0.124,0.0,0.0,0.0,0.0,0.0,0.0,0.0,0.0,0.002,0.02,0.0,0.0,0.0,0.0,0.0,0.0,0.0,0.0,0.0,0.0,0.758,0.0,0.0,0.0,0.0,0.0,0.0,0.004
Fratercula arctica | St Kilda | 1976,0.0,0.0,0.375,0.0,0.0,0.0,0.0,0.0,0.0,0.0,0.0,0.0,0.208,0.0,0.0,0.0,0.0,0.0,0.0,0.0,0.0,0.0,0.007,0.0,0.0,0.0,0.0,0.0,0.0,0.0,0.0,0.0,0.0,0.406,0.0,0.0,0.0,0.0,0.0,0.0,0.005
Fratercula arctica | Sule Skerry | 1975,0.0,0.0,0.129,0.0,0.0,0.0,0.0,0.0,0.0,0.0,0.0,0.0,0.0,0.0,0.0,0.0,0.0,0.0,0.0,0.0,0.0,0.0,0.129,0.0,0.0,0.0,0.0,0.0,0.0,0.0,0.0,0.0,0.0,0.742,0.0,0.0,0.0,0.0,0.0,0.0,0.0
Fulmarus glacialis | Fair Isle | 1997,0.17,0.0,0.37,0.0,0.06,0.0,0.03,0.0,0.18,0.0,0.14,0.0,0.0,0.0,0.0,0.01,0.04,0.0,0.0,0.0,0.0,0.03,0.06,0.14,0.0,0.05500000000000001,0.0,0.0,0.0,0.0,0.0,0.0,0.0,0.0,0.0,0.0,0.14,0.0,0.14,0.0,0.01
Fulmarus glacialis | Fair Isle | 1998,0.23,0.0,0.0,0.0,0.15,0.1,0.02,0.0,0.18,0.0,0.45,0.0,0.0,0.0,0.0,0.0,0.02,0.0,0.0,0.0,0.0,0.08,0.18,0.0,0.0,0.041,0.0,0.0,0.0,0.0,0.0,0.0,0.03,0.0,0.0,0.0,0.27,0.03,0.02,0.0,0.02
Fulmarus glacialis | Foula | 1980,0.136,0.723,0.0,0.0,0.006,0.0,0.0,0.0,0.0,0.0,0.0,0.0,0.0,0.0,0.0,0.0,0.0,0.0,0.0,0.0,0.0,0.0,0.0,0.0,0.0,0.011888888888888888,0.0,0.0,0.0,0.0,0.0,0.0,0.0,0.0,0.0,0.0,0.0,0.0,0.0,0.0,0.0
Fulmarus glacialis | Foula | 1993,0.06,0.24,0.0,0.0,0.01,0.0,0.0,0.0,0.02,0.0,0.0,0.0,0.0,0.0,0.0,0.0,0.0,0.0,0.0,0.0,0.0,0.01,0.0,0.01,0.0,0.09571428571428571,0.0,0.0,0.0,0.0,0.0,0.0,0.0,0.0,0.0,0.0,0.0,0.07,0.0,0.0,0.3
Fulmarus glacialis | St Kilda | 1981,0.008,0.0,0.0,0.0,0.0,0.0,0.076,0.0,0.0,0.0,0.0,0.0,0.0,0.0,0.0,0.0,0.0,0.0,0.0,0.0,0.0,0.0,0.0,0.0,0.0,0.08342222222222223,0.0,0.0,0.0,0.0,0.0,0.0,0.0,0.0,0.0,0.0,0.0,0.0,0.0,0.0,0.0
Fulmarus glacialis | St Kilda | 1982,0.5,0.0,0.0,0.0,0.0,0.0,0.0,0.0,0.083,0.0,0.0,0.0,0.0,0.0,0.0,0.0,0.33,0.0,0.0,0.0,0.0,0.0,0.0,0.0,0.0,0.17,0.0,0.0,0.0,0.0,0.0,0.0,0.0,0.0,0.0,0.0,0.0,0.0,0.0,0.0,0.0
Fulmarus glacialis | St Kilda | 1993,0.05,0.06,0.0,0.0,0.03,0.0,0.0,0.0,0.0,0.0,0.0,0.0,0.0,0.0,0.0,0.05,0.23,0.0,0.0,0.0,0.0,0.02,0.16,0.0,0.0,0.11428571428571428,0.0,0.0,0.0,0.0,0.0,0.0,0.0,0.0,0.0,0.0,0.0,0.03,0.0,0.0,0.0
Fulmarus glacialis | Unst & Foula | 1999,0.05,0.0,0.01,0.0,0.03,0.15,0.01,0.0,0.1,0.0,0.09,0.08,0.0,0.01,0.0,0.01,0.0,0.0,0.0,0.0,0.0,0.03,0.02,0.08,0.0,0.022500000000000003,0.0,0.0,0.0,0.0,0.0,0.0,0.03,0.0,0.0,0.0,0.05,0.18,0.07,0.0,0.32
Fulmarus glacialis | Yell | 1985,0.0,0.92,0.0,0.0,0.0,0.0,0.0,0.0,0.0,0.0,0.0,0.0,0.0,0.0,0.0,0.0,0.0,0.0,0.0,0.0,0.0,0.02,0.0,0.0,0.0,0.02,0.0,0.0,0.0,0.0,0.02,0.0,0.0,0.0,0.0,0.0,0.0,0.02,0.0,0.0,0.0
Morus bassanus | Bass Rock | 1998,0.0,0.0,0.19766666666666666,0.0,0.0,0.215,0.0,0.0,0.0,0.0,0.15,0.0,0.0,0.0,0.0,0.0,0.0,0.0,0.0,0.0,0.0,0.0,0.0,0.0,0.0,0.0,0.0,0.0,0.0,0.0,0.0,0.0,0.316,0.23,0.0,0.0,0.0,0.0,0.0,0.0,0.037
Morus bassanus | Bass Rock | 2001,0.0,0.48,0.0,0.02,0.0,0.0,0.0,0.0,0.0,0.0,0.13,0.0,0.0,0.0,0.0,0.0,0.0,0.0,0.0,0.0,0.0,0.0,0.0,0.0,0.0,0.02,0.0,0.0,0.04,0.0,0.0,0.0,0.46,0.15,0.0,0.0,0.0,0.0,0.0,0.0,0.0
Morus bassanus | Bass Rock | 2002,0.045,0.0,0.461,0.0,0.0,0.077,0.0,0.0,0.0,0.0,0.156,0.0,0.0,0.0,0.0,0.0,0.0,0.0,0.0,0.0,0.0,0.0,0.0,0.0,0.0,0.0,0.0,0.0,0.0,0.0,0.0,0.0,0.219,0.067,0.0,0.0,0.0,0.0,0.0,0.0,0.0
Morus bassanus | Bass Rock | 2003,0.065,0.0,0.49300000000000005,0.0,0.0,0.222,0.0,0.0,0.0,0.0,0.119,0.0,0.0,0.0,0.0,0.0,0.0,0.0,0.0,0.0,0.0,0.0,0.0,0.0,0.0,0.0,0.0,0.0,0.0,0.0,0.0,0.0,0.172,0.19,0.0,0.0,0.0,0.0,0.0,0.0,0.0
Morus bassanus | Bass Rock | 2011,0.0,0.0,0.18,0.0,0.0,0.12,0.0,0.0,0.0,0.0,0.0,0.0,0.0,0.0,0.0,0.0,0.0,0.0,0.0,0.0,0.0,0.0,0.0,0.0,0.0,0.06,0.0,0.0,0.0,0.0,0.0,0.0,0.47,0.12,0.0,0.0,0.0,0.0,0.0,0.0,0.0
Morus bassanus | Grassholm Island | 2009,0.0,0.0,0.0,0.0,0.0,0.071,0.0,0.0,0.0,0.0,0.0,0.0,0.0,0.0,0.0,0.0,0.0,0.0,0.0,0.0,0.0,0.0,0.0,0.0,0.0,0.19033333333333333,0.0,0.0,0.0,0.0,0.0,0.0,0.214,0.143,0.0,0.0,0.0,0.0,0.0,0.0,0.0
Morus bassanus | Great Saltee | 2000,0.0,0.0,0.35,0.08,0.0,0.13,0.0,0.03,0.0,0.0,0.23,0.0,0.0,0.0,0.0,0.0,0.0,0.0,0.0,0.0,0.0,0.0,0.0,0.0,0.0,0.074,0.0,0.0,0.13,0.0,0.0,0.0,0.2,0.0,0.0,0.0,0.0,0.0,0.0,0.0,0.0
Phalacrocorax aristotelis | Canna | 1994,0.007,0.0,0.67,0.0,0.0,0.007,0.0,0.0,0.007,0.007,0.0,0.03,0.0,0.0,0.0,0.0,0.0,0.0,0.0,0.03,0.0,0.0,0.14,0.0,0.0,0.007,0.0,0.007,0.0,0.0,0.0,0.0,0.0,0.007,0.0,0.0,0.16,0.0,0.0,0.007,0.0
Phalacrocorax aristotelis | Canna | 1997,0.0,0.0,0.38,0.0,0.01,0.0,0.0,0.004,0.01,0.01,0.93,0.0,0.0,0.03,0.0,0.0,0.0,0.0,0.03,0.0,0.0,0.0,0.0,0.0,0.0,0.01,0.0,0.02,0.02,0.0,0.0,0.0,0.0,0.0,0.0,0.0,0.0,0.0,0.0,0.0,0.0
Phalacrocorax aristotelis | Canna | 2001,0.0,0.0,0.2957,0.0,0.0,0.0,0.0,0.0,0.0,0.0,0.58115,0.0,0.0,0.0,0.0,0.0,0.0,0.0,0.0,0.0,0.0,0.0,0.0,0.0,0.0,0.0,0.02005,0.0,0.0,0.0,0.0,0.0,0.0,0.0,0.0,0.0,0.1032,0.0,0.0,0.0,0.0
Phalacrocorax aristotelis | Canna | 2003,0.0,0.0,0.1114,0.0007,0.0,0.0,0.0,0.0,0.0,0.0,0.7294,0.0,0.0,0.0,0.0,0.0,0.0,0.0,0.0,0.005,0.0,0.0,0.0,0.0,0.0,0.0,0.0,0.0,0.0007,0.0,0.0,0.0,0.0,0.0,0.0,0.0,0.1527,0.0,0.0,0.0,0.0
Phalacrocorax aristotelis | Canna | 2004,0.0,0.0,0.042,0.0,0.0,0.0,0.0,0.0,0.0,0.0,0.89,0.0,0.0,0.0,0.0,0.0,0.0,0.0,0.0,0.006,0.0,0.0,0.0,0.0,0.0,0.0,0.0,0.0,0.0,0.0,0.0,0.0,0.0,0.0,0.0,0.0,0.063,0.0,0.0,0.0,0.0
Phalacrocorax aristotelis | Canna | 2006,0.0,0.0,0.0,0.0,0.0,0.0,0.0,0.0,0.0,0.0,0.841,0.0,0.0,0.0,0.0,0.0,0.0,0.0,0.0,0.0,0.0,0.0,0.0,0.0,0.0,0.0,0.0,0.0,0.009,0.0,0.0,0.0,0.0,0.0,0.0,0.0,0.148,0.0,0.0,0.0,0.0
Phalacrocorax aristotelis | Canna | 2007,0.031,0.0,0.037,0.0,0.0,0.0,0.0,0.0,0.0,0.0,0.804,0.0,0.0,0.0,0.0,0.0,0.0,0.0,0.002,0.0,0.0,0.0,0.0,0.0,0.0,0.0,0.001,0.0,0.0,0.0,0.0,0.0,0.0,0.0,0.0,0.0,0.123,0.0,0.0,0.0,0.0
Phalacrocorax aristotelis | Canna | 2008,0.011,0.0,0.367,0.0,0.0,0.0,0.0,0.0,0.0,0.0,0.0,0.0,0.0,0.005,0.0,0.0,0.0,0.0,0.014,0.014,0.0,0.0,0.582,0.0,0.003,0.0,0.0,0.0,0.005,0.0,0.0,0.0,0.0,0.0,0.0,0.0,0.0,0.0,0.0,0.0,0.0
Phalacrocorax aristotelis | Canna | 2009,0.0,0.0,0.059,0.0,0.0,0.0,0.0,0.0,0.035,0.0,0.832,0.0,0.0,0.0,0.0,0.0,0.0,0.0,0.0,0.0,0.0,0.0,0.0,0.0,0.0,0.0,0.0,0.0,0.0,0.0,0.0,0.003,0.0,0.0,0.0,0.0,0.071,0.0,0.0,0.0,0.0
Phalacrocorax aristotelis | Canna | 2010,0.0,0.0,0.239,0.533,0.0045000000000000005,0.0,0.004,0.0,0.0045000000000000005,0.0,0.59,0.0,0.0,0.012,0.0,0.0,0.0,0.0,0.022,0.068,0.0,0.0,0.068,0.0,0.0045000000000000005,0.0,0.0,0.0,0.057,0.0,0.0,0.0,0.0,0.0,0.0,0.0,0.0,0.0,0.0,0.0,0.0
Phalacrocorax aristotelis | Canna | 2011,0.0,0.0,0.288,0.052,0.0,0.0,0.0,0.0,0.0,0.0,0.166,0.0,0.0,0.0,0.0,0.0,0.0,0.0,0.0,0.036,0.0,0.0,0.459,0.0,0.0,0.0,0.0,0.0,0.0,0.0,0.0,0.0,0.0,0.0,0.0,0.0,0.0,0.0,0.0,0.0,0.0
Phalacrocorax aristotelis | Canna | 2012,0.0,0.0,0.182,0.0,0.0,0.0,0.0,0.0,0.0,0.0,0.8,0.0,0.0,0.0,0.0,0.0,0.0,0.0,0.004,0.013,0.0,0.0,0.0,0.0,0.0,0.0,0.0,0.0,0.0,0.0,0.0,0.0,0.0,0.0,0.0,0.0,0.0,0.0,0.0,0.0,0.0
Phalacrocorax aristotelis | Canna | 2013,0.0,0.0,0.1275,0.009949999999999999,0.0019,0.0,0.0,0.007,0.0,0.0,0.7145,0.0,0.0,0.1088,0.0,0.0,0.0,0.0,0.0318,0.0095,0.0,0.0,0.0,0.0,0.0131,0.007,0.011,0.0,0.021,0.0,0.0,0.0,0.0,0.0,0.0,0.0,0.0,0.0,0.0,0.0,0.0
Phalacrocorax aristotelis | Canna | 2014,0.0,0.0,0.3836,0.0024,0.0,0.0,0.0,0.0,0.0,0.0,0.61035,0.0,0.0,0.0,0.0,0.0,0.0,0.0,0.0,0.005,0.0,0.0,0.0,0.0,0.0,0.0,0.0,0.0,0.0048,0.0,0.0,0.0,0.0,0.0,0.0,0.0,0.0,0.0,0.0,0.0,0.0
Phalacrocorax aristotelis | Canna | 2015,0.0,0.0,0.7959,0.0007,0.0,0.0,0.0,0.0,0.0,0.0,0.199,0.0,0.0,0.0,0.0,0.0,0.0,0.0,0.0,0.0029,0.0,0.0,0.0,0.0,0.0,0.0,0.0,0.0,0.0015,0.0,0.0,0.0,0.0,0.0,0.0,0.0,0.0,0.0,0.0,0.0,0.0
Phalacrocorax aristotelis | Cornwall | 1933,0.0,0.0,0.51,0.0,0.0,0.0,0.3,0.0,0.0,0.0,0.03,0.0,0.0,0.02,0.0,0.0,0.0,0.0,0.13,0.0,0.0,0.0,0.0,0.0,0.0,0.0,0.0,0.0,0.0,0.0,0.0,0.0,0.0,0.0,0.0,0.0,0.0,0.0,0.0,0.0,0.14
Phalacrocorax aristotelis | Farne Islands | 1962,0.01,0.0,0.81,0.0,0.0,0.0,0.0,0.01,0.01,0.0,0.04,0.0,0.0,0.0,0.0,0.0,0.0,0.0,0.0,0.0,0.0,0.0,0.0,0.0,0.0,0.02,0.0,0.08,0.02,0.0,0.0,0.0,0.0,0.0,0.0,0.0,0.0,0.0,0.0,0.01,0.0
Phalacrocorax aristotelis | Isle of May | 1988,0.002,0.0,0.9784999999999999,0.001,0.0,0.001,0.0,0.003,0.003,0.0,0.0,0.0,0.0,0.008,0.0,0.0,0.0,0.0,0.0,0.019,0.0,0.0,0.0,0.0,0.0,0.0023333333333333335,0.001,0.0,0.0,0.0,0.0,0.0,0.0,0.0,0.0,0.0,0.0,0.0,0.0,0.001,0.0
Phalacrocorax aristotelis | Isle of May | 1991,0.0,0.0,0.9400000000000001,0.0016666666666666668,0.0,0.0,0.002,0.0,0.0016666666666666668,0.0,0.049999999999999996,0.0,0.0,0.002,0.0,0.0,0.0,0.0,0.0,0.0,0.0,0.0,0.0,0.0,0.0,0.0,0.0016666666666666668,0.0,0.0016666666666666668,0.0,0.0,0.0,0.0,0.0,0.0,0.0,0.0,0.0,0.0,0.0,0.0
Phalacrocorax aristotelis | Loch Ewe | 1965,0.21,0.0,0.065,0.0,0.0,0.242,0.0,0.0,0.0,0.0,0.161,0.065,0.0,0.0,0.0,0.0,0.0,0.0,0.0,0.0,0.0,0.0,0.0,0.0,0.0,0.04073333333333333,0.0,0.097,0.0,0.0,0.081,0.0,0.0,0.0,0.0,0.0,0.0,0.0,0.016,0.0,0.0
"Phalacrocorax aristotelis | SW-Scotland, Clyde | 1938",0.0,0.0,0.541,0.34,0.0,0.0,0.114,0.018,0.072,0.0,0.041,0.0,0.0,0.027,0.0,0.0,0.0,0.0,0.027,0.0,0.0,0.0,0.0,0.0,0.001,0.028500000000000004,0.0,0.0,0.0,0.0,0.0,0.0,0.0,0.0,0.011,0.0,0.0,0.0,0.0,0.0,0.0
Puffinus puffinus | Rhum | 1985,0.374,0.0,0.11,0.0,0.187,0.0,0.11,0.0,0.0,0.0,0.0,0.0,0.0,0.0,0.0,0.022,0.0,0.0,0.0,0.0,0.0,0.0,0.0,0.0,0.0,0.0396,0.0,0.0,0.0,0.0,0.0,0.0,0.0,0.0,0.0,0.0,0.0,0.0,0.0,0.0,0.0
Rissa tridactyla | Canna | 1987,0.0,0.14,0.0,0.0,0.0,0.0,0.0,0.0,0.0,0.0,0.83,0.0,0.0,0.0,0.0,0.0,0.0,0.0,0.0,0.0,0.0,0.0,0.0,0.0,0.0,0.0,0.0,0.0,0.0,0.0,0.0,0.0,0.0,0.0,0.0,0.0,0.0,0.0,0.0,0.0,0.0
Rissa tridactyla | Canna | 1988,0.0,0.0,0.0,0.0,0.0,0.0,0.0,0.0,0.17,0.0,0.83,0.0,0.0,0.0,0.0,0.0,0.0,0.0,0.0,0.0,0.0,0.0,0.0,0.0,0.0,0.0,0.0,0.0,0.0,0.0,0.0,0.0,0.0,0.0,0.0,0.0,0.0,0.0,0.0,0.0,0.17
Rissa tridactyla | Canna | 1989,0.0,0.94,0.0,0.0,0.0,0.0,0.0,0.0,0.0,0.0,0.12,0.0,0.0,0.0,0.0,0.0,0.0,0.0,0.0,0.0,0.0,0.0,0.0,0.0,0.0,0.0,0.0,0.0,0.0,0.0,0.0,0.0,0.0,0.0,0.0,0.0,0.0,0.0,0.0,0.0,0.0
Rissa tridactyla | Canna | 1990,0.0,1.0,0.0,0.0,0.0,0.0,0.0,0.0,0.0,0.0,0.0,0.0,0.0,0.0,0.0,0.0,0.0,0.0,0.0,0.0,0.0,0.0,0.0,0.0,0.0,0.0,0.0,0.0,0.0,0.0,0.0,0.0,0.0,0.0,0.0,0.0,0.0,0.0,0.0,0.0,0.0
Rissa tridactyla | Canna | 1991,0.0,1.0,0.0,0.0,0.0,0.0,0.0,0.0,0.0,0.0,0.33,0.0,0.0,0.0,0.0,0.0,0.0,0.0,0.0,0.0,0.0,0.0,0.0,0.0,0.0,0.0,0.0,0.0,0.0,0.0,0.0,0.0,0.0,0.0,0.0,0.0,0.0,0.0,0.0,0.0,0.0
Rissa tridactyla | Canna | 1992,0.0,0.25,0.0,0.0,0.0,0.0,0.0,0.0,0.13,0.0,0.63,0.0,0.0,0.0,0.0,0.0,0.0,0.0,0.0,0.0,0.0,0.0,0.0,0.0,0.0,0.0,0.0,0.0,0.0,0.0,0.0,0.0,0.0,0.25,0.0,0.0,0.0,0.0,0.0,0.0,0.0
Rissa tridactyla | Canna | 1993,0.0,0.67,0.0,0.0,0.0,0.0,0.0,0.0,0.0,0.0,0.33,0.0,0.0,0.0,0.0,0.0,0.0,0.0,0.0,0.0,0.0,0.0,0.0,0.0,0.0,0.0,0.0,0.0,0.0,0.0,0.0,0.0,0.0,0.0,0.0,0.0,0.0,0.0,0.0,0.0,0.0
Rissa tridactyla | Canna | 1994,0.0,1.0,0.0,0.0,0.0,0.0,0.0,0.0,0.17,0.0,0.0,0.0,0.0,0.0,0.0,0.0,0.0,0.0,0.0,0.0,0.0,0.0,0.0,0.0,0.0,0.0,0.0,0.0,0.0,0.0,0.0,0.0,0.0,0.0,0.0,0.0,0.0,0.0,0.0,0.0,0.0
Rissa tridactyla | Canna | 1995,0.0,0.4,0.0,0.0,0.0,0.0,0.0,0.0,0.4,0.0,0.4,0.0,0.0,0.0,0.0,0.0,0.0,0.0,0.0,0.0,0.0,0.0,0.0,0.0,0.0,0.0,0.0,0.0,0.0,0.0,0.0,0.0,0.0,0.0,0.0,0.0,0.0,0.0,0.0,0.0,0.0
Rissa tridactyla | Canna | 1996,0.0,0.67,0.0,0.0,0.0,0.0,0.0,0.0,0.0,0.0,0.11,0.0,0.0,0.0,0.0,0.0,0.0,0.0,0.0,0.0,0.0,0.0,0.0,0.0,0.0,0.0,0.0,0.0,0.0,0.0,0.0,0.0,0.0,0.33,0.0,0.0,0.0,0.0,0.0,0.0,0.0
Rissa tridactyla | Canna | 1997,0.0,0.7,0.0,0.0,0.0,0.0,0.0,0.0,0.0,0.0,0.15,0.0,0.0,0.0,0.0,0.0,0.0,0.0,0.0,0.0,0.0,0.0,0.0,0.0,0.0,0.0,0.0,0.0,0.0,0.0,0.0,0.0,0.0,0.05,0.0,0.0,0.0,0.0,0.0,0.0,0.15
Rissa tridactyla | Canna | 1998,0.0,0.25,0.0,0.0,0.0,0.0,0.0,0.0,0.5,0.0,0.25,0.0,0.0,0.0,0.0,0.0,0.0,0.0,0.0,0.0,0.0,0.0,0.0,0.0,0.0,0.0,0.0,0.0,0.0,0.0,0.0,0.0,0.0,0.5,0.0,0.0,0.25,0.0,0.0,0.0,0.0
Rissa tridactyla | Canna | 1999,0.0,0.59,0.0,0.0,0.0,0.0,0.0,0.0,0.0,0.0,0.14,0.0,0.0,0.0,0.0,0.0,0.0,0.0,0.0,0.0,0.0,0.0,0.0,0.0,0.0,0.0,0.0,0.0,0.0,0.0,0.0,0.0,0.0,0.41,0.0,0.0,0.05,0.0,0.0,0.0,0.0
Rissa tridactyla | Canna | 2000,0.0,0.81,0.0,0.0,0.0,0.0,0.0,0.0,0.13,0.0,0.0,0.0,0.0,0.0,0.0,0.0,0.0,0.0,0.0,0.0,0.0,0.0,0.0,0.0,0.0,0.0,0.0,0.0,0.0,0.0,0.0,0.0,0.0,0.16,0.0,0.0,0.0,0.0,0.0,0.0,0.03
Rissa tridactyla | Canna | 2001,0.0,0.67,0.0,0.0,0.0,0.0,0.0,0.0,0.0,0.0,0.42,0.0,0.0,0.0,0.0,0.0,0.0,0.0,0.0,0.0,0.0,0.0,0.0,0.0,0.0,0.0,0.0,0.0,0.0,0.0,0.0,0.0,0.0,0.0,0.0,0.0,0.0,0.0,0.0,0.0,0.0
Rissa tridactyla | Canna | 2002,0.0,0.73,0.0,0.0,0.0,0.0,0.0,0.0,0.0,0.0,0.0,0.0,0.0,0.0,0.0,0.0,0.0,0.0,0.0,0.0,0.0,0.0,0.0,0.0,0.0,0.0,0.0,0.0,0.0,0.0,0.0,0.0,0.0,0.27,0.0,0.0,0.0,0.0,0.0,0.0,0.0
Rissa tridactyla | Canna | 2003,0.0,0.82,0.0,0.0,0.0,0.0,0.0,0.0,0.0,0.0,0.09,0.0,0.0,0.0,0.0,0.0,0.0,0.0,0.0,0.0,0.0,0.0,0.0,0.0,0.0,0.0,0.0,0.0,0.0,0.0,0.0,0.0,0.0,0.09,0.0,0.0,0.18,0.0,0.0,0.0,0.0
Rissa tridactyla | Canna | 2004,0.0,0.05,0.0,0.0,0.0,0.0,0.0,0.0,0.0,0.0,0.05,0.0,0.0,0.0,0.0,0.0,0.0,0.0,0.0,0.0,0.0,0.0,0.0,0.0,0.0,0.0,0.0,0.0,0.0,0.0,0.0,0.0,0.0,0.95,0.0,0.0,0.0,0.0,0.0,0.0,0.0
Rissa tridactyla | Canna | 2005,0.0,0.22,0.0,0.0,0.0,0.0,0.0,0.0,0.11,0.0,0.67,0.0,0.0,0.0,0.0,0.0,0.0,0.0,0.0,0.0,0.0,0.0,0.0,0.0,0.0,0.0,0.0,0.0,0.0,0.0,0.0,0.0,0.0,0.11,0.0,0.0,0.0,0.0,0.0,0.0,0.11
Rissa tridactyla | Canna | 2007,0.0,0.75,0.0,0.0,0.0,0.0,0.0,0.0,0.0,0.5,0.5,0.0,0.0,0.0,0.0,0.0,0.0,0.0,0.0,0.0,0.0,0.0,0.0,0.0,0.0,0.0,0.0,0.0,0.0,0.0,0.0,0.0,0.0,0.0,0.0,0.0,0.0,0.0,0.0,0.0,0.0
Rissa tridactyla | Canna | 2008,0.0,0.333333333,0.0,0.0,0.0,0.0,0.333333333,0.0,0.0,0.0,0.0,0.0,0.0,0.0,0.0,0.0,0.0,0.0,0.0,0.666666667,0.0,0.0,0.0,0.0,0.0,0.0,0.0,0.0,0.0,0.0,0.0,0.0,0.0,0.0,0.0,0.0,0.0,0.0,0.0,0.0,0.0
Rissa tridactyla | Canna | 2009,0.0,0.555555556,0.0,0.0,0.0,0.0,0.777777778,0.0,0.0,0.0,0.222222222,0.0,0.0,0.0,0.0,0.0,0.0,0.0,0.0,0.111111111,0.0,0.0,0.0,0.0,0.0,0.0,0.0,0.0,0.0,0.0,0.0,0.0,0.0,0.0,0.0,0.0,0.0,0.0,0.0,0.0,0.0
Rissa tridactyla | Canna | 2011,0.0,0.428571429,0.35714285749999997,0.0,0.0,0.0,0.571428571,0.0,0.0,0.0,0.571428571,0.0,0.0,0.0,0.0,0.0,0.0,0.0,0.0,0.0,0.0,0.0,0.0,0.0,0.0,0.142857143,0.0,0.0,0.0,0.0,0.0,0.0,0.0,0.0,0.0,0.0,0.0,0.0,0.0,0.0,0.0
Rissa tridactyla | Canna | 2014,0.0,0.39999999999999997,0.0,0.0,0.0,0.0,0.1,0.0,0.4,0.0,0.6,0.0,0.0,0.0,0.0,0.0,0.0,0.0,0.0,0.0,0.0,0.0,0.0,0.0,0.1,0.0,0.0,0.0,0.0,0.0,0.0,0.0,0.0,0.0,0.0,0.0,0.0,0.0,0.0,0.0,0.0
Rissa tridactyla | Canna | 2015,0.0,0.642857143,0.30357142849999996,0.0,0.0,0.0,0.142857143,0.0,0.071428571,0.0,0.75,0.0,0.0,0.0,0.0,0.0,0.0,0.0,0.0,0.0,0.0,0.0,0.0,0.0,0.0,0.0,0.0,0.0,0.0,0.0,0.0,0.0,0.0,0.0,0.0,0.0,0.0,0.0,0.0,0.0,0.0
Rissa tridactyla | Fair Isle | 1986,0.0,0.0,1.0,0.0,0.0,0.0,0.0,0.0,0.0,0.0,0.0,0.0,0.0,0.0,0.0,0.0,0.0,0.0,0.0,0.0,0.0,0.0,0.0,0.0,0.0,0.0,0.0,0.0,0.0,0.0,0.0,0.0,0.0,0.0,0.0,0.0,0.0,0.0,0.0,0.0,0.0
Rissa tridactyla | Fair Isle | 1987,0.0,0.0,1.0,0.0,0.0,0.0,0.0,0.0,0.0,0.0,0.0,0.0,0.0,0.0,0.0,0.0,0.0,0.0,0.0,0.0,0.0,0.0,0.0,0.0,0.0,0.0,0.0,0.0,0.0,0.0,0.0,0.0,0.0,0.0,0.0,0.0,0.0,0.0,0.0,0.0,0.0
Rissa tridactyla | Fair Isle | 1988,0.0,0.0,0.87,0.0,0.0,0.0,0.0,0.0,0.13,0.0,0.0,0.0,0.0,0.0,0.0,0.0,0.0,0.0,0.0,0.0,0.0,0.0,0.0,0.0,0.0,0.0,0.0,0.0,0.0,0.0,0.0,0.0,0.0,0.0,0.0,0.0,0.0,0.0,0.0,0.0,0.0
Rissa tridactyla | Fair Isle | 2000,0.0,0.884615385,0.0,0.0,0.0,0.0,0.0,0.0,0.0,0.0,0.192307692,0.0,0.0,0.0,0.0,0.0,0.0,0.0,0.0,0.0,0.0,0.0,0.0,0.0,0.0,0.0,0.0,0.0,0.0,0.0,0.0,0.0,0.0,0.0,0.0,0.0,0.0,0.0,0.0,0.0,0.038461538
Rissa tridactyla | Faraid Head | 1986,0.0,0.0,1.0,0.0,0.0,0.0,0.0,0.0,0.0,0.0,0.0,0.0,0.0,0.0,0.0,0.0,0.0,0.0,0.0,0.0,0.0,0.0,0.0,0.0,0.0,0.0,0.0,0.0,0.0,0.0,0.0,0.0,0.0,0.0,0.0,0.0,0.0,0.0,0.0,0.0,0.0
Rissa tridactyla | Farne Islands | 1998,0.0,1.0,0.5,0.0,0.0,0.0,0.23,0.0,0.03,0.0,0.03,0.0,0.0,0.0,0.0,0.0,0.0,0.0,0.0,0.0,0.0,0.0,0.0,0.0,0.0,0.0,0.0,0.0,0.0,0.0,0.0,0.0,0.0,0.0,0.0,0.0,0.0,0.0,0.0,0.0,0.0
Rissa tridactyla | Farne Islands | 1999,0.0,1.0,0.5,0.0,0.0,0.0,0.0,0.0,0.0,0.0,0.0,0.0,0.0,0.0,0.0,0.0,0.0,0.0,0.0,0.0,0.0,0.0,0.0,0.0,0.0,0.0,0.0,0.0,0.0,0.0,0.0,0.0,0.0,0.0,0.0,0.0,0.0,0.0,0.0,0.0,0.0
Rissa tridactyla | Farne Islands | 2000,0.0,0.95,0.5549999999999999,0.0,0.0,0.0,0.21,0.0,0.0,0.0,0.05,0.0,0.0,0.0,0.0,0.0,0.0,0.0,0.0,0.0,0.0,0.0,0.0,0.0,0.0,0.0,0.0,0.0,0.0,0.0,0.0,0.0,0.0,0.0,0.0,0.0,0.0,0.0,0.0,0.0,0.0
Rissa tridactyla | Inchcolm | 1997,0.0,0.18,0.09,0.0,0.0,0.0,0.91,0.0,0.18,0.0,0.09,0.0,0.0,0.0,0.0,0.0,0.0,0.0,0.0,0.0,0.0,0.0,0.0,0.0,0.0,0.0,0.0,0.0,0.0,0.0,0.0,0.0,0.0,0.0,0.0,0.0,0.0,0.0,0.0,0.0,0.0
Rissa tridactyla | Inchcolm | 1998,0.0,0.67,0.42000000000000004,0.0,0.0,0.0,0.83,0.0,0.0,0.0,0.0,0.0,0.0,0.0,0.0,0.0,0.0,0.0,0.0,0.0,0.0,0.0,0.0,0.0,0.0,0.0,0.0,0.0,0.0,0.0,0.0,0.0,0.0,0.0,0.0,0.0,0.0,0.0,0.0,0.0,0.0
Rissa tridactyla | Inchcolm | 2000,0.0,0.5,0.25,0.0,0.0,0.0,0.71,0.0,0.0,0.0,0.14,0.0,0.0,0.0,0.0,0.0,0.0,0.0,0.0,0.0,0.0,0.0,0.0,0.0,0.0,0.0,0.0,0.0,0.0,0.0,0.0,0.0,0.0,0.0,0.0,0.0,0.0,0.0,0.0,0.0,0.0
Rissa tridactyla | Inchkeith | 1997,0.0,0.06,0.03,0.0,0.0,0.0,0.94,0.0,0.06,0.0,0.12,0.0,0.0,0.0,0.0,0.0,0.0,0.0,0.0,0.0,0.0,0.0,0.0,0.0,0.0,0.0,0.0,0.0,0.0,0.0,0.0,0.0,0.0,0.0,0.0,0.0,0.0,0.0,0.0,0.0,0.0
Rissa tridactyla | Inchkeith | 1998,0.0,0.57,0.285,0.0,0.0,0.0,0.67,0.0,0.0,0.0,0.19,0.0,0.0,0.0,0.0,0.0,0.0,0.0,0.0,0.0,0.0,0.0,0.0,0.0,0.0,0.0,0.0,0.0,0.0,0.0,0.0,0.0,0.0,0.0,0.0,0.0,0.0,0.0,0.0,0.0,0.0
Rissa tridactyla | Inchkeith | 1999,0.0,0.25,0.125,0.0,0.0,0.0,0.75,0.0,0.0,0.0,0.0,0.0,0.0,0.0,0.0,0.0,0.0,0.0,0.0,0.0,0.0,0.0,0.0,0.0,0.0,0.0,0.0,0.0,0.0,0.0,0.0,0.0,0.0,0.0,0.0,0.0,0.0,0.0,0.0,0.0,0.0
Rissa tridactyla | Iresgoe and Inver Hill | 1987,0.0,0.0,1.0,0.0,0.0,0.0,0.0,0.0,0.0,0.0,0.0,0.0,0.0,0.0,0.0,0.0,0.0,0.0,0.0,0.0,0.0,0.0,0.0,0.0,0.0,0.0,0.0,0.0,0.0,0.0,0.0,0.0,0.0,0.0,0.0,0.0,0.0,0.0,0.0,0.0,0.0
Rissa tridactyla | Iresgoe and Inver Hill | 1988,0.0,0.0,1.0,0.0,0.0,0.0,0.0,0.0,0.0,0.0,0.07,0.0,0.0,0.0,0.0,0.0,0.0,0.0,0.0,0.0,0.0,0.0,0.0,0.0,0.0,0.0,0.0,0.0,0.0,0.0,0.0,0.0,0.0,0.0,0.0,0.0,0.0,0.0,0.0,0.0,0.0
Rissa tridactyla | Isle of May | 1986,0.0,0.97,0.0,0.0,0.0,0.0,0.0,0.0,0.09,0.0,0.0,0.0,0.0,0.0,0.0,0.0,0.0,0.0,0.0,0.0,0.0,0.0,0.0,0.0,0.0,0.0,0.0,0.0,0.0,0.0,0.0,0.0,0.0,0.0,0.0,0.0,0.0,0.0,0.0,0.0,0.0
Rissa tridactyla | Isle of May | 1987,0.0,0.94,0.0,0.0,0.0,0.0,0.06,0.0,0.06,0.0,0.0,0.0,0.0,0.0,0.0,0.0,0.0,0.0,0.0,0.0,0.0,0.0,0.0,0.0,0.0,0.0,0.0,0.0,0.0,0.0,0.0,0.0,0.0,0.0,0.0,0.0,0.0,0.0,0.0,0.0,0.0
Rissa tridactyla | Isle of May | 1988,0.0,0.79,0.0,0.0,0.0,0.0,0.11,0.0,0.0,0.0,0.0,0.0,0.0,0.0,0.0,0.0,0.0,0.0,0.0,0.0,0.0,0.0,0.0,0.0,0.0,0.0,0.0,0.0,0.0,0.0,0.0,0.0,0.0,0.0,0.0,0.0,0.0,0.0,0.0,0.0,0.0
Rissa tridactyla | Isle of May | 1989,0.0,1.0,0.88,0.0,0.0,0.0,0.0,0.0,0.0,0.0,0.0,0.0,0.0,0.0,0.0,0.0,0.0,0.0,0.0,0.0,0.0,0.0,0.0,0.0,0.0,0.0,0.0,0.0,0.0,0.0,0.0,0.0,0.0,0.0,0.0,0.0,0.0,0.0,0.0,0.0,0.08
Rissa tridactyla | Isle of May | 1990,0.0,1.0,0.79,0.0,0.0,0.0,0.11,0.0,0.0,0.0,0.0,0.0,0.0,0.0,0.0,0.0,0.0,0.0,0.0,0.0,0.0,0.0,0.0,0.0,0.0,0.0,0.0,0.0,0.0,0.0,0.0,0.0,0.0,0.0,0.0,0.0,0.0,0.0,0.0,0.0,0.0
Rissa tridactyla | Isle of May | 1991,0.0,0.67,0.33,0.0,0.0,0.0,0.11,0.0,0.0,0.0,0.0,0.0,0.0,0.0,0.0,0.0,0.0,0.0,0.0,0.0,0.0,0.0,0.0,0.0,0.0,0.0,0.0,0.0,0.0,0.0,0.0,0.0,0.0,0.0,0.0,0.0,0.0,0.0,0.0,0.0,0.44
Rissa tridactyla | Isle of May | 1992,0.0,0.81,0.5,0.0,0.0,0.0,0.12,0.0,0.0,0.0,0.0,0.0,0.0,0.0,0.0,0.0,0.0,0.0,0.0,0.0,0.0,0.0,0.0,0.0,0.0,0.0,0.0,0.0,0.0,0.0,0.0,0.0,0.0,0.0,0.0,0.0,0.0,0.0,0.0,0.0,0.0
Rissa tridactyla | Isle of May | 1993,0.0,0.73,0.59,0.0,0.0,0.0,0.16,0.0,0.04,0.0,0.0,0.0,0.0,0.0,0.0,0.0,0.0,0.0,0.0,0.0,0.0,0.0,0.0,0.0,0.0,0.0,0.0,0.0,0.0,0.0,0.0,0.0,0.0,0.0,0.0,0.0,0.0,0.0,0.0,0.0,0.3
Rissa tridactyla | Isle of May | 1994,0.0,0.89,0.81,0.0,0.0,0.0,0.4,0.0,0.0,0.0,0.0,0.0,0.0,0.0,0.0,0.0,0.0,0.0,0.0,0.0,0.0,0.0,0.0,0.0,0.0,0.0,0.0,0.0,0.0,0.0,0.0,0.0,0.0,0.0,0.0,0.0,0.0,0.0,0.0,0.0,0.1
Rissa tridactyla | Isle of May | 1995,0.0,0.91,0.87,0.0,0.0,0.0,0.13,0.0,0.04,0.0,0.0,0.0,0.0,0.0,0.0,0.0,0.0,0.0,0.0,0.0,0.0,0.0,0.0,0.0,0.0,0.0,0.0,0.0,0.0,0.0,0.0,0.0,0.0,0.0,0.0,0.0,0.0,0.0,0.0,0.0,0.04
Rissa tridactyla | Isle of May | 1996,0.0,0.91,0.0,0.0,0.0,0.0,0.28,0.0,0.0,0.0,0.0,0.0,0.0,0.0,0.0,0.0,0.0,0.0,0.0,0.0,0.0,0.0,0.0,0.0,0.0,0.0,0.0,0.0,0.0,0.0,0.0,0.0,0.0,0.0,0.0,0.0,0.0,0.0,0.0,0.0,0.07
Rissa tridactyla | Isle of May | 1997,0.0,0.6433333333333334,0.26249999999999996,0.0,0.0,0.0,0.06333333333333334,0.0,0.37333333333333335,0.0,0.03333333333333333,0.0,0.0,0.0,0.0,0.0,0.0,0.0,0.0,0.0,0.0,0.0,0.0,0.0,0.0,0.0,0.0,0.0,0.0,0.0,0.0,0.0,0.0,0.0,0.0,0.0,0.0,0.0,0.0,0.0,0.01
Rissa tridactyla | Isle of May | 1998,0.0,0.8733333333333334,0.45999999999999996,0.0,0.0,0.0,0.15000000000000002,0.0,0.30500000000000005,0.0,0.02,0.0,0.0,0.0,0.0,0.0,0.0,0.0,0.0,0.0,0.0,0.0,0.0,0.0,0.0,0.0,0.0,0.0,0.0,0.0,0.0,0.06333333333333334,0.0,0.0,0.0,0.0,0.0,0.0,0.0,0.0,0.023333333333333334
Rissa tridactyla | Isle of May | 1999,0.0,0.6533333333333333,0.2975,0.0,0.0,0.0,0.22333333333333336,0.0,0.25333333333333335,0.0,0.06666666666666667,0.0,0.0,0.0,0.0,0.0,0.0,0.0,0.0,0.0,0.0,0.0,0.0,0.0,0.0,0.0,0.0,0.0,0.0,0.0,0.0,0.0,0.0,0.0,0.0,0.0,0.0,0.0,0.0,0.0,0.01
Rissa tridactyla | Isle of May | 2000,0.0,0.7033333333333333,0.3075,0.0,0.0,0.0,0.11333333333333333,0.0,0.35000000000000003,0.0,0.03666666666666667,0.0,0.0,0.0,0.0,0.0,0.0,0.0,0.0,0.0,0.0,0.0,0.0,0.0,0.0,0.0,0.0,0.0,0.0,0.0,0.0,0.0,0.0,0.0,0.0,0.0,0.0,0.0,0.0,0.0,0.01
Rissa tridactyla | Isle of May | 2001,0.0,0.88,0.0,0.0,0.0,0.0,0.33,0.0,0.0,0.0,0.08,0.0,0.0,0.0,0.0,0.0,0.0,0.0,0.0,0.0,0.0,0.0,0.0,0.0,0.0,0.0,0.0,0.0,0.0,0.0,0.0,0.0,0.0,0.0,0.0,0.0,0.0,0.0,0.0,0.0,0.0
Rissa tridactyla | Isle of May | 2002,0.0,0.97,0.0,0.0,0.0,0.0,0.04,0.0,0.0,0.0,0.09,0.0,0.0,0.0,0.0,0.0,0.0,0.0,0.0,0.0,0.0,0.0,0.0,0.0,0.0,0.0,0.0,0.0,0.0,0.0,0.0,0.0,0.0,0.0,0.0,0.0,0.0,0.0,0.0,0.0,0.01
Rissa tridactyla | Isle of May | 2003,0.0,0.98,0.0,0.0,0.0,0.0,0.16,0.0,0.0,0.0,0.02,0.0,0.0,0.0,0.0,0.0,0.0,0.0,0.0,0.0,0.0,0.0,0.0,0.0,0.0,0.0,0.0,0.0,0.0,0.0,0.0,0.0,0.0,0.0,0.0,0.0,0.0,0.0,0.0,0.0,0.0
Rissa tridactyla | Isle of May | 2004,0.0,0.92,0.0,0.0,0.0,0.0,0.32,0.0,0.0,0.0,0.08,0.0,0.0,0.0,0.0,0.0,0.0,0.0,0.0,0.0,0.0,0.0,0.0,0.0,0.0,0.0,0.0,0.0,0.0,0.0,0.0,0.0,0.0,0.0,0.0,0.0,0.0,0.0,0.0,0.0,0.01
Rissa tridactyla | Isle of May | 2005,0.0,1.0,0.0,0.0,0.0,0.0,0.0,0.0,0.0,0.0,0.12,0.0,0.0,0.0,0.0,0.0,0.0,0.0,0.0,0.0,0.0,0.0,0.0,0.0,0.0,0.0,0.0,0.0,0.0,0.0,0.0,0.0,0.0,0.0,0.0,0.0,0.0,0.0,0.0,0.0,0.01
Rissa tridactyla | Isle of May | 2006,0.0,0.79,0.0,0.0,0.0,0.0,0.42,0.01,0.0,0.43,0.13,0.0,0.0,0.0,0.0,0.0,0.0,0.0,0.0,0.0,0.0,0.0,0.0,0.0,0.0,0.0,0.0,0.0,0.0,0.0,0.0,0.0,0.0,0.0,0.0,0.0,0.0,0.0,0.0,0.0,0.0
Rissa tridactyla | Isle of May | 2007,0.0,0.71,0.0,0.0,0.0,0.0,0.39,0.0,0.0,0.39,0.28,0.0,0.0,0.0,0.0,0.0,0.0,0.0,0.0,0.0,0.0,0.0,0.0,0.0,0.0,0.0,0.0,0.0,0.02,0.0,0.0,0.0,0.0,0.0,0.0,0.0,0.0,0.0,0.0,0.0,0.0
Rissa tridactyla | Isle of May | 2008,0.0,0.76,0.0,0.0,0.0,0.0,0.57,0.0,0.0,0.39,0.41,0.0,0.0,0.0,0.0,0.0,0.0,0.0,0.0,0.0,0.0,0.0,0.0,0.0,0.0,0.0,0.0,0.0,0.0,0.0,0.0,0.0,0.0,0.0,0.0,0.0,0.0,0.0,0.0,0.0,0.0
Rissa tridactyla | Isle of May | 2009,0.0,0.963,0.0,0.0,0.0,0.0,0.35,0.0,0.0,0.0,0.11,0.0,0.0,0.0,0.0,0.0,0.0,0.0,0.0,0.0,0.0,0.0,0.0,0.0,0.0,0.0,0.0,0.0,0.0,0.0,0.0,0.0,0.0,0.0,0.0,0.0,0.0,0.0,0.0,0.0,0.0
Rissa tridactyla | Isle of May | 2010,0.0,0.569,0.0,0.0,0.0,0.0,0.62,0.0,0.0,0.0,0.05,0.0,0.0,0.0,0.0,0.0,0.0,0.0,0.0,0.0,0.0,0.0,0.0,0.0,0.0,0.0,0.0,0.0,0.0,0.0,0.0,0.0,0.0,0.0,0.0,0.0,0.0,0.0,0.0,0.0,0.0
Rissa tridactyla | Isle of May | 2011,0.0,0.791,0.0,0.0,0.0,0.0,0.767,0.0,0.0,0.0,0.535,0.0,0.0,0.0,0.0,0.0,0.0,0.0,0.0,0.0,0.0,0.0,0.0,0.0,0.0,0.0,0.0,0.0,0.0,0.0,0.0,0.0,0.0,0.0,0.0,0.0,0.0,0.0,0.0,0.0,0.0
Rissa tridactyla | Isle of May | 2012,0.0,1.0,0.0,0.0,0.0,0.0,0.46,0.0,0.0,0.0,0.2,0.0,0.0,0.0,0.0,0.0,0.0,0.0,0.0,0.0,0.0,0.0,0.0,0.0,0.0,0.0,0.0,0.0,0.0,0.0,0.0,0.0,0.0,0.0,0.0,0.0,0.0,0.0,0.0,0.0,0.0
Rissa tridactyla | Isle of May | 2013,0.0,0.92,0.0,0.0,0.0,0.0,0.47,0.0,0.0,0.0,0.18,0.0,0.0,0.0,0.0,0.0,0.0,0.0,0.0,0.0,0.0,0.0,0.0,0.0,0.0,0.0,0.0,0.0,0.0,0.0,0.0,0.0,0.0,0.0,0.0,0.0,0.0,0.0,0.0,0.0,0.0
Rissa tridactyla | Isle of May | 2014,0.0,0.94,0.0,0.0,0.0,0.0,0.51,0.0,0.0,0.0,0.06,0.0,0.0,0.0,0.0,0.0,0.0,0.0,0.0,0.09,0.0,0.0,0.0,0.0,0.0,0.0,0.0,0.0,0.0,0.0,0.0,0.0,0.0,0.0,0.0,0.0,0.0,0.0,0.0,0.0,0.0
Rissa tridactyla | Isle of May | 2015,0.0,0.8,0.0,0.0,0.0,0.0,0.48,0.0,0.0,0.0,0.23,0.0,0.0,0.0,0.0,0.0,0.0,0.0,0.0,0.23,0.0,0.0,0.0,0.0,0.0,0.0,0.0,0.0,0.0,0.0,0.0,0.0,0.0,0.0,0.0,0.0,0.0,0.0,0.0,0.0,0.0
Rissa tridactyla | Lambay | 2009,0.0,0.0,0.125,0.0,0.0,0.0,1.0,0.0,0.0,0.0,0.375,0.0,0.0,0.0,0.0,0.0,0.0,0.0,0.0,0.0,0.0,0.0,0.0,0.0,0.0,0.0,0.0,0.0,0.0,0.0,0.0,0.0,0.0,0.0,0.0,0.0,0.0,0.0,0.0,0.0,0.0
Rissa tridactyla | Lambay | 2010,0.0,0.0,0.677,0.0,0.0,0.0,0.733,0.0,0.0,0.0,0.267,0.0,0.0,0.0,0.0,0.0,0.0,0.0,0.0,0.0,0.0,0.0,0.0,0.0,0.0,0.0,0.0,0.0,0.0,0.0,0.0,0.0,0.0,0.0,0.0,0.0,0.0,0.0,0.0,0.0,0.0
Rissa tridactyla | Lowestoft | 2008,0.0,0.0,0.71,0.0,0.0,0.0,0.79,0.0,0.14,0.0,0.0,0.0,0.0,0.0,0.0,0.0,0.0,0.0,0.0,0.0,0.0,0.0,0.0,0.0,0.07,0.0,0.0,0.0,0.0,0.0,0.0,0.0,0.0,0.0,0.0,0.0,0.0,0.0,0.0,0.0,0.0
Rissa tridactyla | Lowestoft | 2009,0.0,0.0,0.24,0.0,0.0,0.0,0.82,0.0,0.0,0.0,0.18,0.0,0.0,0.0,0.0,0.0,0.0,0.0,0.0,0.0,0.0,0.0,0.0,0.0,0.0,0.0,0.0,0.0,0.0,0.0,0.0,0.0,0.0,0.0,0.0,0.0,0.0,0.0,0.0,0.0,0.0
Rissa tridactyla | Lowestoft | 2010,0.0,0.0,0.04,0.0,0.0,0.0,0.77,0.0,0.0,0.0,0.31,0.0,0.0,0.0,0.0,0.0,0.0,0.0,0.0,0.0,0.0,0.0,0.0,0.0,0.0,0.0,0.0,0.0,0.0,0.0,0.0,0.04,0.0,0.0,0.0,0.0,0.0,0.0,0.0,0.0,0.0
Rissa tridactyla | Lowestoft | 2012,0.0,0.0,0.92,0.0,0.0,0.0,0.46,0.0,0.0,0.0,0.0,0.0,0.0,0.0,0.0,0.0,0.0,0.0,0.0,0.08,0.0,0.0,0.0,0.0,0.0,0.0,0.0,0.0,0.0,0.0,0.0,0.0,0.0,0.0,0.0,0.0,0.0,0.0,0.0,0.0,0.0
Rissa tridactyla | Lowestoft | 2013,0.0,0.0,0.91,0.0,0.0,0.0,0.16,0.0,0.03,0.0,0.0,0.0,0.0,0.0,0.0,0.0,0.0,0.0,0.0,0.0,0.0,0.0,0.0,0.0,0.0,0.0,0.0,0.0,0.0,0.0,0.0,0.0,0.0,0.0,0.0,0.0,0.0,0.0,0.0,0.0,0.0
Rissa tridactyla | Rathlin | 2009,0.0,0.0,0.095,0.0,0.0,0.0,1.0,0.0,0.0,0.0,0.0,0.0,0.0,0.0,0.0,0.0,0.0,0.0,0.0,0.0,0.0,0.0,0.0,0.0,0.0,0.0,0.0,0.0,0.0,0.0,0.0,0.0,0.0,0.0,0.0,0.0,0.0,0.0,0.0,0.0,0.0
Rissa tridactyla | Rathlin | 2010,0.0,0.0,0.0,0.0,0.0,0.0,1.0,0.0,0.0,0.0,0.0,0.0,0.0,0.0,0.0,0.0,0.0,0.0,0.0,0.0,0.0,0.0,0.0,0.0,0.0,0.0,0.0,0.0,0.0,0.0,0.0,0.0,0.0,0.0,0.0,0.0,0.0,0.0,0.0,0.0,0.0
Rissa tridactyla | Sule Skerry | 1986,0.0,0.0,1.0,0.0,0.0,0.0,0.0,0.0,0.0,0.0,0.0,0.0,0.0,0.0,0.0,0.0,0.0,0.0,0.0,0.0,0.0,0.0,0.0,0.0,0.0,0.0,0.0,0.0,0.0,0.0,0.0,0.0,0.0,0.0,0.0,0.0,0.0,0.0,0.0,0.0,0.0
Rissa tridactyla | Sumburgh Head | 1987,0.0,0.0,0.5,0.0,0.0,0.0,0.0,0.0,0.0,0.0,0.0,0.0,0.0,0.0,0.0,0.0,0.0,0.0,0.0,0.0,0.0,0.0,0.0,0.0,0.0,0.0,0.0,0.0,0.0,0.0,0.0,0.0,0.0,0.0,0.0,0.0,0.0,0.0,0.0,0.0,0.0
Rissa tridactyla | Sumburgh Head | 1988,0.0,0.0,0.0,0.0,0.0,0.0,0.0,0.0,0.0,0.0,1.0,0.0,0.0,0.0,0.0,0.0,0.0,0.0,0.0,0.0,0.0,0.0,0.0,0.0,0.0,0.0,0.0,0.0,0.0,0.0,0.0,0.0,0.0,0.0,0.0,0.0,0.0,0.0,0.0,0.0,0.0
Uria aalge | Anglesey | 2009,0.0,0.0,0.16,0.0,0.0,0.0,0.83,0.0,0.0,0.0,0.01,0.0,0.0,0.0,0.0,0.0,0.0,0.0,0.0,0.0,0.0,0.0,0.0,0.0,0.0,0.0,0.0,0.0,0.0,0.0,0.0,0.0,0.0,0.0,0.0,0.0,0.0,0.0,0.0,0.0,0.0
Uria aalge | Bempton | 2009,0.0,0.0,0.32,0.0,0.0,0.0,0.67,0.0,0.0,0.0,0.01,0.0,0.0,0.0,0.0,0.0,0.0,0.0,0.0,0.0,0.0,0.0,0.0,0.0,0.0,0.0,0.0,0.0,0.0,0.0,0.0,0.0,0.0,0.0,0.0,0.0,0.0,0.0,0.0,0.0,0.0
Uria aalge | Buchan/Aberdeen | 1983,0.0,0.0,0.73,0.0,0.009,0.0,0.218,0.0,0.015,0.0,0.209,0.0,0.0,0.045,0.0,0.0,0.0,0.0,0.0,0.0,0.0,0.0,0.0,0.0,0.0,0.0,0.0,0.0,0.0,0.0,0.0,0.03,0.0,0.0,0.0,0.0,0.0,0.0,0.0,0.0,0.0
Uria aalge | Bullers of Buchan | 2009,0.0,0.0,0.19,0.0,0.0,0.0,0.37,0.0,0.0,0.0,0.44,0.0,0.0,0.0,0.0,0.0,0.0,0.0,0.0,0.0,0.0,0.0,0.0,0.0,0.0,0.0,0.0,0.0,0.0,0.0,0.0,0.0,0.0,0.0,0.0,0.0,0.0,0.0,0.0,0.0,0.0
Uria aalge | Burravoe | 2009,0.03,0.0,0.9,0.0,0.0,0.0,0.0,0.0,0.0,0.0,0.07,0.0,0.0,0.0,0.0,0.0,0.0,0.0,0.0,0.0,0.0,0.0,0.0,0.0,0.0,0.0,0.0,0.0,0.0,0.0,0.0,0.0,0.0,0.0,0.0,0.0,0.0,0.0,0.0,0.0,0.0
Uria aalge | Canna | 1981,0.0,0.2,0.0,0.0,0.0,0.0,0.0,0.0,0.0,0.0,0.4,0.0,0.0,0.0,0.0,0.0,0.0,0.0,0.0,0.0,0.0,0.0,0.0,0.0,0.0,0.0,0.0,0.0,0.0,0.0,0.0,0.0,0.0,0.4,0.0,0.0,0.0,0.0,0.0,0.0,0.0
Uria aalge | Canna | 1982,0.0,0.56,0.0,0.0,0.0,0.0,0.0,0.0,0.0,0.0,0.15,0.0,0.0,0.0,0.0,0.0,0.0,0.0,0.0,0.0,0.0,0.0,0.0,0.0,0.0,0.0,0.0,0.0,0.0,0.0,0.0,0.0,0.0,0.26,0.0,0.0,0.0,0.0,0.0,0.0,0.0
Uria aalge | Canna | 1983,0.0,0.35,0.0,0.0,0.0,0.0,0.0,0.0,0.0,0.0,0.08,0.0,0.0,0.0,0.0,0.0,0.0,0.0,0.0,0.0,0.0,0.0,0.09,0.0,0.0,0.0,0.0,0.0,0.0,0.0,0.0,0.0,0.0,0.48,0.0,0.0,0.0,0.0,0.0,0.0,0.0
Uria aalge | Canna | 1984,0.0,0.15,0.0,0.0,0.0,0.0,0.0,0.0,0.0,0.0,0.18,0.0,0.0,0.0,0.0,0.0,0.0,0.0,0.0,0.0,0.0,0.0,0.06,0.0,0.0,0.0,0.0,0.0,0.0,0.0,0.0,0.0,0.0,0.62,0.0,0.0,0.0,0.0,0.0,0.0,0.0
Uria aalge | Canna | 1985,0.0,0.33,0.0,0.0,0.0,0.0,0.0,0.0,0.0,0.0,0.13,0.0,0.0,0.0,0.0,0.0,0.0,0.0,0.0,0.0,0.0,0.0,0.04,0.0,0.0,0.0,0.0,0.0,0.0,0.0,0.0,0.0,0.0,0.5,0.0,0.0,0.0,0.0,0.0,0.0,0.0
Uria aalge | Canna | 1986,0.0,0.69,0.0,0.0,0.0,0.0,0.0,0.0,0.0,0.0,0.08,0.0,0.0,0.0,0.0,0.0,0.0,0.0,0.0,0.0,0.0,0.0,0.04,0.0,0.0,0.0,0.0,0.0,0.0,0.0,0.0,0.0,0.0,0.17,0.0,0.0,0.0,0.0,0.0,0.0,0.0
Uria aalge | Canna | 1987,0.0,0.18,0.0,0.0,0.0,0.0,0.0,0.0,0.0,0.0,0.0,0.0,0.0,0.0,0.0,0.0,0.0,0.0,0.0,0.0,0.0,0.0,0.09,0.0,0.0,0.0,0.0,0.0,0.0,0.0,0.0,0.0,0.0,0.73,0.0,0.0,0.0,0.0,0.0,0.0,0.0
Uria aalge | Canna | 1988,0.0,0.48,0.0,0.0,0.0,0.0,0.0,0.0,0.0,0.0,0.11,0.0,0.0,0.0,0.0,0.0,0.0,0.0,0.0,0.0,0.0,0.0,0.13,0.0,0.0,0.0,0.0,0.0,0.0,0.0,0.0,0.0,0.0,0.28,0.0,0.0,0.0,0.0,0.0,0.0,0.0
Uria aalge | Canna | 1989,0.0,0.16,0.0,0.0,0.0,0.0,0.0,0.0,0.0,0.0,0.18,0.0,0.0,0.0,0.0,0.0,0.0,0.0,0.0,0.0,0.0,0.0,0.31,0.0,0.0,0.0,0.0,0.0,0.0,0.0,0.0,0.0,0.0,0.35,0.0,0.0,0.0,0.0,0.0,0.0,0.0
Uria aalge | Canna | 1990,0.0,0.32,0.0,0.0,0.0,0.0,0.0,0.0,0.0,0.0,0.09,0.0,0.0,0.0,0.0,0.0,0.0,0.0,0.0,0.0,0.0,0.0,0.28,0.0,0.0,0.0,0.0,0.0,0.0,0.0,0.0,0.0,0.0,0.31,0.0,0.0,0.0,0.0,0.0,0.0,0.0
Uria aalge | Canna | 1991,0.0,0.32,0.0,0.0,0.0,0.0,0.0,0.0,0.0,0.0,0.13,0.0,0.0,0.0,0.0,0.0,0.0,0.0,0.0,0.0,0.0,0.0,0.2,0.0,0.0,0.0,0.0,0.0,0.0,0.0,0.0,0.0,0.0,0.35,0.0,0.0,0.0,0.0,0.0,0.0,0.0
Uria aalge | Canna | 1992,0.0,0.01,0.0,0.0,0.0,0.0,0.0,0.0,0.0,0.0,0.03,0.0,0.0,0.0,0.0,0.0,0.0,0.0,0.0,0.0,0.0,0.0,0.1,0.0,0.0,0.0,0.0,0.0,0.0,0.0,0.0,0.0,0.0,0.86,0.0,0.0,0.0,0.0,0.0,0.0,0.0
Uria aalge | Canna | 1993,0.0,0.16,0.0,0.0,0.0,0.0,0.0,0.0,0.0,0.0,0.04,0.0,0.0,0.0,0.0,0.0,0.0,0.0,0.0,0.0,0.0,0.0,0.32,0.0,0.0,0.0,0.0,0.0,0.0,0.0,0.0,0.0,0.0,0.49,0.0,0.0,0.0,0.0,0.0,0.0,0.0
Uria aalge | Canna | 1994,0.0,0.18,0.0,0.0,0.0,0.0,0.0,0.0,0.0,0.0,0.02,0.0,0.0,0.0,0.0,0.0,0.0,0.0,0.0,0.0,0.0,0.0,0.06,0.0,0.0,0.0,0.0,0.0,0.0,0.0,0.0,0.0,0.0,0.74,0.0,0.0,0.0,0.0,0.0,0.0,0.0
Uria aalge | Canna | 1995,0.0,0.1,0.0,0.0,0.0,0.0,0.0,0.0,0.0,0.0,0.01,0.0,0.0,0.0,0.0,0.0,0.0,0.0,0.0,0.0,0.0,0.0,0.17,0.0,0.0,0.0,0.0,0.0,0.0,0.0,0.0,0.0,0.0,0.71,0.0,0.0,0.0,0.0,0.0,0.0,0.0
Uria aalge | Canna | 1996,0.0,0.14,0.0,0.0,0.0,0.0,0.0,0.0,0.0,0.0,0.05,0.0,0.0,0.0,0.0,0.0,0.0,0.0,0.0,0.0,0.0,0.0,0.1,0.0,0.0,0.0,0.0,0.0,0.0,0.0,0.0,0.0,0.0,0.71,0.0,0.0,0.0,0.0,0.0,0.0,0.0
Uria aalge | Canna | 1997,0.0,0.07,0.0,0.0,0.0,0.0,0.0,0.0,0.0,0.0,0.0,0.0,0.0,0.0,0.0,0.0,0.0,0.0,0.0,0.0,0.0,0.0,0.07,0.0,0.0,0.0,0.0,0.0,0.0,0.0,0.0,0.0,0.0,0.85,0.0,0.0,0.0,0.0,0.0,0.0,0.0
Uria aalge | Canna | 1998,0.0,0.2,0.0,0.0,0.0,0.0,0.0,0.0,0.0,0.0,0.05,0.0,0.0,0.0,0.0,0.0,0.0,0.0,0.0,0.0,0.0,0.0,0.4,0.0,0.0,0.0,0.0,0.0,0.0,0.0,0.0,0.0,0.0,0.36,0.0,0.0,0.0,0.0,0.0,0.0,0.0
Uria aalge | Canna | 1999,0.0,0.13,0.0,0.0,0.0,0.0,0.0,0.0,0.0,0.0,0.01,0.0,0.0,0.0,0.0,0.0,0.0,0.0,0.0,0.0,0.0,0.0,0.16,0.0,0.0,0.0,0.0,0.0,0.0,0.0,0.0,0.0,0.0,0.7,0.0,0.0,0.0,0.0,0.0,0.0,0.0
Uria aalge | Canna | 2000,0.0,0.21,0.0,0.0,0.0,0.0,0.0,0.0,0.0,0.0,0.02,0.0,0.0,0.0,0.0,0.0,0.0,0.0,0.0,0.0,0.0,0.0,0.26,0.0,0.0,0.0,0.0,0.0,0.0,0.0,0.0,0.0,0.0,0.49,0.0,0.0,0.0,0.0,0.0,0.0,0.0
Uria aalge | Canna | 2001,0.0,0.27,0.0,0.0,0.0,0.0,0.0,0.0,0.0,0.0,0.1,0.0,0.0,0.0,0.0,0.0,0.0,0.0,0.0,0.0,0.0,0.0,0.12,0.0,0.0,0.0,0.0,0.0,0.0,0.0,0.0,0.0,0.0,0.52,0.0,0.0,0.0,0.0,0.0,0.0,0.0
Uria aalge | Canna | 2002,0.0,0.08,0.0,0.0,0.0,0.0,0.0,0.0,0.0,0.0,0.0,0.0,0.0,0.0,0.0,0.0,0.0,0.0,0.0,0.0,0.0,0.0,0.25,0.0,0.0,0.0,0.0,0.0,0.0,0.0,0.0,0.0,0.0,0.67,0.0,0.0,0.0,0.0,0.0,0.0,0.0
Uria aalge | Canna | 2003,0.0,0.09,0.0,0.0,0.0,0.0,0.0,0.0,0.0,0.0,0.02,0.0,0.0,0.0,0.0,0.0,0.0,0.0,0.0,0.0,0.0,0.0,0.39,0.0,0.0,0.0,0.0,0.0,0.0,0.0,0.0,0.0,0.0,0.5,0.0,0.0,0.0,0.0,0.0,0.0,0.0
Uria aalge | Canna | 2004,0.0,0.19,0.0,0.0,0.0,0.0,0.0,0.0,0.0,0.0,0.01,0.0,0.0,0.0,0.0,0.0,0.0,0.0,0.0,0.0,0.0,0.0,0.45,0.0,0.0,0.0,0.0,0.0,0.0,0.0,0.0,0.0,0.0,0.35,0.0,0.0,0.0,0.0,0.0,0.0,0.0
Uria aalge | Canna | 2005,0.0,0.64,0.0,0.0,0.0,0.0,0.0,0.0,0.0,0.0,0.0,0.0,0.0,0.0,0.0,0.0,0.0,0.0,0.0,0.0,0.0,0.0,0.18,0.0,0.0,0.0,0.0,0.0,0.0,0.0,0.0,0.0,0.0,0.18,0.0,0.0,0.0,0.0,0.0,0.0,0.0
Uria aalge | Canna | 2006,0.0,0.4,0.0,0.0,0.0,0.0,0.0,0.0,0.0,0.0,0.41,0.0,0.0,0.0,0.0,0.0,0.0,0.0,0.0,0.0,0.0,0.0,0.13,0.0,0.0,0.0,0.0,0.0,0.0,0.0,0.0,0.0,0.0,0.08,0.0,0.0,0.0,0.0,0.0,0.0,0.0
Uria aalge | Canna | 2007,0.0,0.47,0.0,0.0,0.0,0.0,0.0,0.0,0.0,0.0,0.32,0.0,0.0,0.0,0.0,0.0,0.0,0.0,0.0,0.0,0.0,0.0,0.16,0.0,0.0,0.0,0.0,0.0,0.0,0.0,0.0,0.0,0.0,0.05,0.0,0.0,0.0,0.0,0.0,0.0,0.0
Uria aalge | Clyde Front | 1988,1.0,0.0,0.0,0.0,0.0,0.0,0.0,0.0,0.0,0.0,0.2,0.0,0.0,0.0,0.0,0.0,0.0,0.0,0.0,0.0,0.0,0.0,0.0,0.0,0.0,0.2,0.0,0.0,0.0,0.0,0.0,0.0,0.0,0.2,0.0,0.0,0.0,0.0,0.0,0.0,0.0
Uria aalge | Co. Kerry | 1973,0.0,0.0,0.7,0.0,0.0,0.0,0.28,0.0,0.0,0.0,0.02,0.0,0.0,0.0,0.0,0.0,0.0,0.0,0.0,0.0,0.0,0.0,0.0,0.0,0.0,0.0,0.0,0.0,0.0,0.0,0.0,0.0,0.0,0.0,0.0,0.0,0.0,0.0,0.0,0.0,0.0
Uria aalge | Colonsay | 2009,0.0,0.0,0.97,0.0,0.0,0.0,0.03,0.0,0.0,0.0,0.0,0.0,0.0,0.0,0.0,0.0,0.0,0.0,0.0,0.0,0.0,0.0,0.0,0.0,0.0,0.0,0.0,0.0,0.0,0.0,0.0,0.0,0.0,0.0,0.0,0.0,0.0,0.0,0.0,0.0,0.0
Uria aalge | Duncansby | 2009,0.14,0.0,0.55,0.0,0.0,0.0,0.23,0.0,0.0,0.0,0.09,0.0,0.0,0.0,0.0,0.0,0.0,0.0,0.0,0.0,0.0,0.0,0.0,0.0,0.0,0.0,0.0,0.0,0.0,0.0,0.0,0.0,0.0,0.0,0.0,0.0,0.0,0.0,0.0,0.0,0.0
Uria aalge | East Anglia | 1983,0.0,0.0,0.0,0.0,0.0,0.05,0.0,0.0,0.0,0.0,0.0,0.0,0.0,0.0,0.113,0.0,0.0,0.0,0.0,0.0,0.0,0.0,0.038,0.0,0.0,0.0,0.0,0.0,0.0,0.0,0.0,0.005,0.0,0.8,0.0,0.0,0.0,0.0,0.05,0.0,0.0
Uria aalge | Fair Isle | 1988,0.0,0.0,0.9884999999999999,0.0,0.0,0.0,0.0,0.0,0.0,0.0,0.0085,0.0,0.0,0.0,0.0,0.0,0.0,0.0,0.0,0.0,0.0,0.0,0.0,0.0,0.0,0.0,0.0,0.0,0.0,0.0,0.0,0.0,0.0,0.007,0.0,0.0,0.0,0.0,0.0,0.0,0.0
Uria aalge | Fair Isle | 2009,0.08,0.0,0.5,0.0,0.0,0.0,0.07,0.0,0.0,0.0,0.35,0.0,0.0,0.0,0.0,0.0,0.0,0.0,0.0,0.0,0.0,0.0,0.0,0.0,0.0,0.0,0.0,0.0,0.0,0.0,0.0,0.0,0.0,0.0,0.0,0.0,0.0,0.0,0.0,0.0,0.0
Uria aalge | Firth of Forth | 1983,0.0,0.0,0.695,0.0,0.0,0.0,0.335,0.0,0.0,0.0,0.267,0.0,0.0,0.126,0.0,0.0,0.0,0.0,0.0,0.0,0.0,0.0,0.0,0.0,0.0,0.0,0.0,0.0,0.0,0.0,0.0,0.006,0.0,0.0,0.0,0.0,0.0,0.0,0.0,0.0,0.0
Uria aalge | Fowl Craig | 2009,0.0,0.0,0.92,0.0,0.0,0.0,0.08,0.0,0.0,0.0,0.0,0.0,0.0,0.0,0.0,0.0,0.0,0.0,0.0,0.0,0.0,0.0,0.0,0.0,0.0,0.0,0.0,0.0,0.0,0.0,0.0,0.0,0.0,0.0,0.0,0.0,0.0,0.0,0.0,0.0,0.0
Uria aalge | Fowlsheugh | 2009,0.0,0.0,0.6,0.0,0.0,0.0,0.27,0.0,0.0,0.0,0.13,0.0,0.0,0.0,0.0,0.0,0.0,0.0,0.0,0.0,0.0,0.0,0.0,0.0,0.0,0.0,0.0,0.0,0.0,0.0,0.0,0.0,0.0,0.0,0.0,0.0,0.0,0.0,0.0,0.0,0.0
Uria aalge | Gultack | 2009,0.0,0.0,1.0,0.0,0.0,0.0,0.0,0.0,0.0,0.0,0.0,0.0,0.0,0.0,0.0,0.0,0.0,0.0,0.0,0.0,0.0,0.0,0.0,0.0,0.0,0.0,0.0,0.0,0.0,0.0,0.0,0.0,0.0,0.0,0.0,0.0,0.0,0.0,0.0,0.0,0.0
Uria aalge | Handa Island | 2009,0.0,0.0,0.9,0.0,0.0,0.0,0.08,0.0,0.0,0.0,0.02,0.0,0.0,0.0,0.0,0.0,0.0,0.0,0.0,0.0,0.0,0.0,0.0,0.0,0.0,0.0,0.0,0.0,0.0,0.0,0.0,0.0,0.0,0.0,0.0,0.0,0.0,0.0,0.0,0.0,0.0
Uria aalge | Isle of May | 1981,0.0,0.0,0.58,0.0,0.0,0.0,0.0,0.0,0.0,0.0,0.0055,0.0,0.0,0.0,0.0,0.0,0.0,0.0,0.0,0.0,0.0,0.0,0.0,0.0,0.0,0.001,0.0,0.0,0.0,0.0,0.0,0.0,0.004,0.41,0.0,0.0,0.0,0.0,0.0,0.0,0.0
Uria aalge | Isle of May | 1982,0.001,0.0,0.89,0.0,0.0,0.01,0.026,0.0,0.0,0.0,0.0,0.0,0.0,0.0,0.0,0.0,0.0,0.0,0.0,0.0,0.0,0.0,0.0,0.0,0.0,0.0,0.0,0.0,0.0,0.0,0.0,0.0,0.0,0.07,0.0,0.0,0.0,0.0,0.0,0.0,0.0
Uria aalge | Isle of May | 1983,0.001,0.0,0.75,0.0,0.0,0.01,0.0,0.0,0.0,0.0,0.0,0.0,0.0,0.0,0.0,0.0,0.0,0.0,0.0,0.0,0.0,0.0,0.0,0.0,0.0,0.0,0.0,0.0,0.0,0.0,0.0,0.0,0.0,0.23,0.0,0.0,0.0,0.0,0.0,0.0,0.0
Uria aalge | Isle of May | 1984,0.001,0.0,0.86,0.0,0.0,0.01,0.0,0.0,0.0,0.0,0.0,0.0,0.0,0.0,0.0,0.0,0.0,0.0,0.0,0.0,0.0,0.0,0.0,0.0,0.0,0.0,0.0,0.0,0.0,0.0,0.0,0.0,0.0,0.13,0.0,0.0,0.0,0.0,0.0,0.0,0.0
Uria aalge | Isle of May | 1986,0.0,0.0,0.910881801,0.0,0.0,0.0,0.089118199,0.0,0.0,0.0,0.0,0.0,0.0,0.0,0.0,0.0,0.0,0.0,0.0,0.0,0.0,0.0,0.0,0.0,0.0,0.0,0.0,0.0,0.0,0.0,0.0,0.0,0.0,0.0,0.0,0.0,0.0,0.0,0.0,0.0,0.0
Uria aalge | Isle of May | 1987,0.0,0.0,0.81509434,0.0,0.0,0.0,0.18490566,0.0,0.0,0.0,0.0,0.0,0.0,0.0,0.0,0.0,0.0,0.0,0.0,0.0,0.0,0.0,0.0,0.0,0.0,0.0,0.0,0.0,0.0,0.0,0.0,0.0,0.0,0.0,0.0,0.0,0.0,0.0,0.0,0.0,0.0
Uria aalge | Isle of May | 1988,0.0,0.0,0.571186441,0.0,0.0,0.0,0.425423729,0.0,0.0,0.0,0.003,0.0,0.0,0.0,0.0,0.0,0.0,0.0,0.0,0.0,0.0,0.0,0.0,0.0,0.0,0.0,0.0,0.0,0.0,0.0,0.0,0.0,0.0,0.0,0.0,0.0,0.0,0.0,0.0,0.0,0.0
Uria aalge | Isle of May | 1989,0.0,0.0,0.885,0.0,0.0,0.0,0.111,0.0,0.0,0.0,0.004,0.0,0.0,0.0,0.0,0.0,0.0,0.0,0.0,0.0,0.0,0.0,0.0,0.0,0.0,0.0,0.0,0.0,0.0,0.0,0.0,0.0,0.0,0.0,0.0,0.0,0.0,0.0,0.0,0.0,0.0
Uria aalge | Isle of May | 1990,0.0,0.0,0.607,0.0,0.0,0.0,0.387,0.0,0.0,0.0,0.0,0.0,0.0,0.0,0.0,0.0,0.0,0.0,0.0,0.0,0.0,0.0,0.0,0.0,0.0,0.0,0.0,0.0,0.0,0.0,0.0,0.0,0.0,0.0,0.0,0.0,0.0,0.0,0.0,0.0,0.0
Uria aalge | Isle of May | 1991,0.0,0.0,0.755,0.0,0.0,0.0,0.245,0.0,0.0,0.0,0.0,0.0,0.0,0.0,0.0,0.0,0.0,0.0,0.0,0.0,0.0,0.0,0.0,0.0,0.0,0.0,0.0,0.0,0.0,0.0,0.0,0.0,0.0,0.0,0.0,0.0,0.0,0.0,0.0,0.0,0.0
Uria aalge | Isle of May | 1992,0.0,0.0,0.582417582,0.0,0.0,0.0,0.413,0.0,0.0,0.0,0.005,0.0,0.0,0.0,0.0,0.0,0.0,0.0,0.0,0.0,0.0,0.0,0.0,0.0,0.0,0.0,0.0,0.0,0.0,0.0,0.0,0.0,0.0,0.0,0.0,0.0,0.0,0.0,0.0,0.0,0.0
Uria aalge | Isle of May | 1993,0.0,0.0,0.227340267,0.0,0.0,0.0,0.773,0.0,0.0,0.0,0.0,0.0,0.0,0.0,0.0,0.0,0.0,0.0,0.0,0.0,0.0,0.0,0.0,0.0,0.0,0.0,0.0,0.0,0.0,0.0,0.0,0.0,0.0,0.0,0.0,0.0,0.0,0.0,0.0,0.0,0.0
Uria aalge | Isle of May | 1994,0.0,0.0,0.183193277,0.0,0.0,0.0,0.817,0.0,0.0,0.0,0.0,0.0,0.0,0.0,0.0,0.0,0.0,0.0,0.0,0.0,0.0,0.0,0.0,0.0,0.0,0.0,0.0,0.0,0.0,0.0,0.0,0.0,0.0,0.0,0.0,0.0,0.0,0.0,0.0,0.0,0.0
Uria aalge | Isle of May | 1995,0.0,0.0,0.684100418,0.0,0.0,0.0,0.312,0.0,0.0,0.0,0.004,0.0,0.0,0.0,0.0,0.0,0.0,0.0,0.0,0.0,0.0,0.0,0.0,0.0,0.0,0.0,0.0,0.0,0.0,0.0,0.0,0.0,0.0,0.0,0.0,0.0,0.0,0.0,0.0,0.0,0.0
Uria aalge | Isle of May | 1996,0.0,0.0,0.443123939,0.0,0.0,0.0,0.557,0.0,0.0,0.0,0.0,0.0,0.0,0.0,0.0,0.0,0.0,0.0,0.0,0.0,0.0,0.0,0.0,0.0,0.0,0.0,0.0,0.0,0.0,0.0,0.0,0.0,0.0,0.0,0.0,0.0,0.0,0.0,0.0,0.0,0.0
Uria aalge | Isle of May | 1997,0.0,0.0,0.862663496,0.0,0.0,0.0,0.137,0.0,0.0,0.0,0.0,0.0,0.0,0.0,0.0,0.0,0.0,0.0,0.0,0.0,0.0,0.0,0.0,0.0,0.0,0.0,0.0,0.0,0.0,0.0,0.0,0.0,0.0,0.0,0.0,0.0,0.0,0.0,0.0,0.0,0.0
Uria aalge | Isle of May | 1998,0.0,0.0,0.260934025,0.0,0.0,0.0,0.739,0.0,0.0,0.0,0.0,0.0,0.0,0.0,0.0,0.0,0.0,0.0,0.0,0.0,0.0,0.0,0.0,0.0,0.0,0.0,0.0,0.0,0.0,0.0,0.0,0.0,0.0,0.0,0.0,0.0,0.0,0.0,0.0,0.0,0.0
Uria aalge | Isle of May | 1999,0.0,0.0,0.257004831,0.0,0.0,0.0,0.684,0.0,0.0,0.0,0.059,0.0,0.0,0.0,0.0,0.0,0.0,0.0,0.0,0.0,0.0,0.0,0.0,0.0,0.0,0.0,0.0,0.0,0.0,0.0,0.0,0.0,0.0,0.0,0.0,0.0,0.0,0.0,0.0,0.0,0.0
Uria aalge | Isle of May | 2000,0.0,0.0,0.583333333,0.0,0.0,0.0,0.417,0.0,0.0,0.0,0.0,0.0,0.0,0.0,0.0,0.0,0.0,0.0,0.0,0.0,0.0,0.0,0.0,0.0,0.0,0.0,0.0,0.0,0.0,0.0,0.0,0.0,0.0,0.0,0.0,0.0,0.0,0.0,0.0,0.0,0.0
Uria aalge | Isle of May | 2001,0.0,0.0,0.306923077,0.0,0.0,0.0,0.689,0.0,0.0,0.0,0.004,0.0,0.0,0.0,0.0,0.0,0.0,0.0,0.0,0.0,0.0,0.0,0.0,0.0,0.0,0.0,0.0,0.0,0.0,0.0,0.0,0.0,0.0,0.0,0.0,0.0,0.0,0.0,0.0,0.0,0.0
Uria aalge | Isle of May | 2002,0.0,0.0,0.3915828,0.0,0.0,0.0,0.608,0.0,0.0,0.0,0.0,0.0,0.0,0.0,0.0,0.0,0.0,0.0,0.0,0.0,0.0,0.0,0.0,0.0,0.0,0.0,0.0,0.0,0.0,0.0,0.0,0.0,0.0,0.0,0.0,0.0,0.0,0.0,0.0,0.0,0.0
Uria aalge | Isle of May | 2003,0.0,0.4975,0.2327887778,0.0,0.0,0.0,0.825,0.0,0.0,0.0,0.05566666666666667,0.0,0.0,0.21,0.0,0.0,0.0,0.0,0.0,0.0,0.0,0.0,0.0,0.0,0.0,0.0,0.0,0.0,0.0,0.0,0.0,0.0,0.0,0.51,0.0,0.001,0.0,0.0,0.0,0.0,0.21
Uria aalge | Isle of May | 2004,0.0,0.254,0.016,0.0,0.0,0.0,0.979,0.0,0.0,0.0,0.005,0.0,0.0,0.0,0.0,0.0,0.0,0.0,0.0,0.0,0.0,0.0,0.0,0.0,0.0,0.0,0.0,0.0,0.0,0.0,0.0,0.0,0.0,0.746,0.0,0.0,0.0,0.0,0.0,0.0,0.0
Uria aalge | Isle of May | 2005,0.0,0.0,0.041,0.0,0.0,0.0,0.906,0.0,0.0,0.0,0.052,0.0,0.0,0.0,0.0,0.0,0.0,0.0,0.0,0.0,0.0,0.0,0.0,0.0,0.0,0.0,0.0,0.0,0.0,0.0,0.0,0.0,0.0,0.0,0.0,0.0,0.0,0.0,0.0,0.0,0.0
Uria aalge | Isle of May | 2006,0.0,0.0,0.19,0.0,0.0,0.0,0.77,0.0,0.0,0.0,0.0,0.0,0.0,0.0,0.0,0.0,0.0,0.0,0.0,0.0,0.0,0.0,0.0,0.0,0.0,0.0,0.0,0.0,0.0,0.0,0.0,0.0,0.0,0.0,0.0,0.0,0.0,0.0,0.0,0.0,0.0
Uria aalge | Isle of May | 2007,0.0,0.0,0.06442953,0.0,0.0,0.0,0.903,0.0,0.0,0.0,0.032,0.0,0.0,0.0,0.0,0.0,0.0,0.0,0.0,0.0,0.0,0.0,0.0,0.0,0.0,0.0,0.0,0.0,0.0,0.0,0.0,0.0,0.0,0.0,0.0,0.0,0.0,0.0,0.0,0.0,0.0
Uria aalge | Isle of May | 2008,0.0,0.0,0.203182375,0.0,0.0,0.0,0.759,0.0,0.0,0.0,0.038,0.0,0.0,0.0,0.0,0.0,0.0,0.0,0.0,0.0,0.0,0.0,0.0,0.0,0.0,0.0,0.0,0.0,0.0,0.0,0.0,0.0,0.0,0.0,0.0,0.0,0.0,0.0,0.0,0.0,0.0
Uria aalge | Isle of May | 2009,0.0,0.0,0.232489678,0.0,0.0,0.0,0.7210000000000001,0.0,0.0,0.0,0.0465,0.0,0.0,0.0,0.0,0.0,0.0,0.0,0.0,0.0,0.0,0.0,0.0,0.0,0.0,0.0,0.0,0.0,0.0,0.0,0.0,0.0,0.0,0.0,0.0,0.0,0.0,0.0,0.0,0.0,0.0
Uria aalge | Isle of May | 2010,0.0,0.0,0.146923783,0.0,0.0,0.0,0.852,0.0,0.0,0.0,0.001,0.0,0.0,0.0,0.0,0.0,0.0,0.0,0.0,0.0,0.0,0.0,0.0,0.0,0.0,0.0,0.0,0.0,0.0,0.0,0.0,0.0,0.0,0.0,0.0,0.0,0.0,0.0,0.0,0.0,0.0
Uria aalge | Isle of May | 2011,0.0,0.0,0.195567145,0.0,0.0,0.0,0.803,0.0,0.0,0.0,0.001,0.0,0.0,0.0,0.0,0.0,0.0,0.0,0.0,0.0,0.0,0.0,0.0,0.0,0.0,0.0,0.0,0.0,0.0,0.0,0.0,0.0,0.0,0.0,0.0,0.0,0.0,0.0,0.0,0.0,0.0
Uria aalge | Isle of May | 2012,0.0,0.0,0.13229572,0.0,0.0,0.0,0.85,0.0,0.0,0.0,0.018,0.0,0.0,0.0,0.0,0.0,0.0,0.0,0.0,0.0,0.0,0.0,0.0,0.0,0.0,0.0,0.0,0.0,0.0,0.0,0.0,0.0,0.0,0.0,0.0,0.0,0.0,0.0,0.0,0.0,0.0
Uria aalge | Isle of May | 2013,0.0,0.0,0.130699088,0.0,0.0,0.0,0.865,0.0,0.0,0.0,0.005,0.0,0.0,0.0,0.0,0.0,0.0,0.0,0.0,0.0,0.0,0.0,0.0,0.0,0.0,0.0,0.0,0.0,0.0,0.0,0.0,0.0,0.0,0.0,0.0,0.0,0.0,0.0,0.0,0.0,0.0
Uria aalge | Isle of May | 2014,0.0,0.0,0.051383399,0.0,0.0,0.0,0.945,0.0,0.0,0.0,0.004,0.0,0.0,0.0,0.0,0.0,0.0,0.0,0.0,0.0,0.0,0.0,0.0,0.0,0.0,0.0,0.0,0.0,0.0,0.0,0.0,0.0,0.0,0.0,0.0,0.0,0.0,0.0,0.0,0.0,0.0
Uria aalge | Isle of May | 2015,0.0,0.0,0.088311688,0.0,0.0,0.0,0.909,0.0,0.0,0.0,0.003,0.0,0.0,0.0,0.0,0.0,0.0,0.0,0.0,0.0,0.0,0.0,0.0,0.0,0.0,0.0,0.0,0.0,0.0,0.0,0.0,0.0,0.0,0.0,0.0,0.0,0.0,0.0,0.0,0.0,0.0
Uria aalge | Isle of May | 2016,0.0,0.0,0.085903084,0.0,0.0,0.0,0.833,0.0,0.0,0.0,0.081,0.0,0.0,0.0,0.0,0.0,0.0,0.0,0.0,0.0,0.0,0.0,0.0,0.0,0.0,0.0,0.0,0.0,0.0,0.0,0.0,0.0,0.0,0.0,0.0,0.0,0.0,0.0,0.0,0.0,0.0
Uria aalge | Isle of May | 2017,0.0,0.0,0.03486924,0.0,0.0,0.0,0.953,0.0,0.0,0.0,0.012,0.0,0.0,0.0,0.0,0.0,0.0,0.0,0.0,0.0,0.0,0.0,0.0,0.0,0.0,0.0,0.0,0.0,0.0,0.0,0.0,0.0,0.0,0.0,0.0,0.0,0.0,0.0,0.0,0.0,0.0
Uria aalge | Lundy | 2009,0.0,0.0,0.67,0.0,0.0,0.0,0.33,0.0,0.0,0.0,0.0,0.0,0.0,0.0,0.0,0.0,0.0,0.0,0.0,0.0,0.0,0.0,0.0,0.0,0.0,0.0,0.0,0.0,0.0,0.0,0.0,0.0,0.0,0.0,0.0,0.0,0.0,0.0,0.0,0.0,0.0
Uria aalge | Lunga | 2009,0.0,0.0,1.0,0.0,0.0,0.0,0.0,0.0,0.0,0.0,0.0,0.0,0.0,0.0,0.0,0.0,0.0,0.0,0.0,0.0,0.0,0.0,0.0,0.0,0.0,0.0,0.0,0.0,0.0,0.0,0.0,0.0,0.0,0.0,0.0,0.0,0.0,0.0,0.0,0.0,0.0
Uria aalge | Marwick | 2009,0.04,0.0,0.22,0.0,0.0,0.0,0.09,0.0,0.0,0.0,0.65,0.0,0.0,0.0,0.0,0.0,0.0,0.0,0.0,0.0,0.0,0.0,0.0,0.0,0.0,0.0,0.0,0.0,0.0,0.0,0.0,0.0,0.0,0.0,0.0,0.0,0.0,0.0,0.0,0.0,0.0
Uria aalge | Moray Firth | 1983,0.0,0.0,0.0,0.0,0.0,0.586,0.0,0.0,0.0,0.0,0.0,0.0,0.0,0.0,0.103,0.0,0.0,0.0,0.0,0.0,0.103,0.0,0.241,0.0,0.0,0.0,0.0,0.0,0.0,0.0,0.345,0.117,0.0,0.0,0.0,0.0,0.0,0.0,0.103,0.0,0.0
Uria aalge | Mull Head | 2009,0.0,0.0,0.92,0.0,0.0,0.0,0.03,0.0,0.0,0.0,0.06,0.0,0.0,0.0,0.0,0.0,0.0,0.0,0.0,0.0,0.0,0.0,0.0,0.0,0.0,0.0,0.0,0.0,0.0,0.0,0.0,0.0,0.0,0.0,0.0,0.0,0.0,0.0,0.0,0.0,0.0
Uria aalge | Newcastle | 1983,0.0,0.0,0.0,0.0,0.0,0.137,0.0,0.0,0.0,0.0,0.0,0.0,0.0,0.0,0.137,0.0,0.0,0.041,0.0,0.0,0.11,0.0,0.014,0.0,0.0,0.0,0.0,0.0,0.0,0.0,0.041,0.141,0.0,0.151,0.0,0.0,0.0,0.0,0.0,0.0,0.0
Uria aalge | North Channel | 1988,0.05,1.0,0.0,0.0,0.0,0.0,0.0,0.0,0.0,0.0,0.0,0.0,0.0,0.0,0.0,0.0,0.0,0.0,0.0,0.0,0.0,0.0,0.0,0.0,0.0,0.4,0.0,0.0,0.0,0.0,0.0,0.0,0.0,0.0,0.0,0.0,0.0,0.0,0.0,0.0,0.0
Uria aalge | Orkney | 1983,0.005,0.0,0.91,0.0,0.0,0.0,0.03,0.0,0.0,0.0,0.04,0.0,0.0,0.0,0.0,0.0,0.0,0.0,0.0,0.0,0.0,0.0,0.0,0.0,0.0,0.0,0.0,0.0,0.0,0.0,0.0,0.0,0.0,0.0,0.0,0.0,0.0,0.0,0.0,0.0,0.0
Uria aalge | Ramsey | 2009,0.0,0.0,0.09,0.0,0.0,0.0,0.91,0.0,0.0,0.0,0.0,0.0,0.0,0.0,0.0,0.0,0.0,0.0,0.0,0.0,0.0,0.0,0.0,0.0,0.0,0.0,0.0,0.0,0.0,0.0,0.0,0.0,0.0,0.0,0.0,0.0,0.0,0.0,0.0,0.0,0.0
Uria aalge | Rathlin | 2008,0.0,0.0,0.33,0.0,0.0,0.0,0.67,0.0,0.0,0.0,0.0,0.0,0.0,0.0,0.0,0.0,0.0,0.0,0.0,0.0,0.0,0.0,0.0,0.0,0.0,0.0,0.0,0.0,0.0,0.0,0.0,0.0,0.0,0.0,0.0,0.0,0.0,0.0,0.0,0.0,0.0
Uria aalge | Rathlin | 2009,0.0,0.0,0.35,0.0,0.0,0.0,0.525,0.0,0.0,0.0,0.125,0.0,0.0,0.0,0.0,0.0,0.0,0.0,0.0,0.0,0.0,0.0,0.0,0.0,0.0,0.0,0.0,0.0,0.0,0.0,0.0,0.0,0.0,0.0,0.0,0.0,0.0,0.0,0.0,0.0,0.0
Uria aalge | Rathlin | 2010,0.0,0.0,0.21,0.0,0.0,0.0,0.35,0.0,0.0,0.0,0.44,0.0,0.0,0.0,0.0,0.0,0.0,0.0,0.0,0.0,0.0,0.0,0.0,0.0,0.0,0.0,0.0,0.0,0.0,0.0,0.0,0.0,0.0,0.0,0.0,0.0,0.0,0.0,0.0,0.0,0.0
Uria aalge | Row Head | 2009,0.0,0.0,0.36,0.0,0.0,0.0,0.32,0.0,0.0,0.0,0.32,0.0,0.0,0.0,0.0,0.0,0.0,0.0,0.0,0.0,0.0,0.0,0.0,0.0,0.0,0.0,0.0,0.0,0.0,0.0,0.0,0.0,0.0,0.0,0.0,0.0,0.0,0.0,0.0,0.0,0.0
Uria aalge | Shetland | 1983,0.0,0.0,0.7525,0.0,0.0,0.0,0.166,0.0,0.004,0.0,0.33699999999999997,0.0,0.0,0.076,0.0,0.0,0.0,0.0,0.0,0.0,0.0,0.0,0.0,0.0,0.0,0.0,0.0,0.0,0.0,0.0,0.0,0.165,0.0,0.0,0.0,0.0,0.0,0.0,0.0,0.0,0.0
Uria aalge | Skomer | 1973,0.0,0.0,0.012765957,0.0,0.0,0.0,0.987234043,0.0,0.0,0.0,0.0,0.0,0.0,0.0,0.0,0.0,0.0,0.0,0.0,0.0,0.0,0.0,0.0,0.0,0.0,0.0,0.0,0.0,0.0,0.0,0.0,0.0,0.0,0.0,0.0,0.0,0.0,0.0,0.0,0.0,0.0
Uria aalge | Skomer | 1975,0.0,0.0,0.014563107,0.0,0.0,0.0,0.985436893,0.0,0.0,0.0,0.0,0.0,0.0,0.0,0.0,0.0,0.0,0.0,0.0,0.0,0.0,0.0,0.0,0.0,0.0,0.0,0.0,0.0,0.0,0.0,0.0,0.0,0.0,0.0,0.0,0.0,0.0,0.0,0.0,0.0,0.0
Uria aalge | Skomer | 1985,0.0,0.0,0.336330935,0.0,0.0,0.0,0.0,0.0,0.004,0.0,0.007194245,0.0,0.0,0.0,0.0,0.0,0.0,0.0,0.0,0.0,0.0,0.0,0.0,0.0,0.0,0.0,0.0,0.0,0.0,0.0,0.0,0.0,0.0,0.654,0.0,0.0,0.0,0.0,0.0,0.0,0.0
Uria aalge | Skomer | 1986,0.0,0.0,0.182773109,0.0,0.0,0.0,0.0,0.0,0.0,0.0,0.004901961,0.0,0.0,0.0,0.0,0.0,0.0,0.0,0.0,0.0,0.0,0.0,0.0,0.0,0.0,0.0,0.0,0.0,0.0,0.0,0.0,0.0,0.0,0.811,0.0,0.001,0.0,0.0,0.0,0.0,0.0
Uria aalge | Skomer | 1987,0.0,0.0,0.194882729,0.0,0.0,0.0,0.0,0.0,0.0,0.0,0.003411514,0.0,0.0,0.0,0.0,0.0,0.0,0.0,0.0,0.0,0.0,0.0,0.0,0.0,0.0,0.0,0.0,0.0,0.0,0.0,0.0,0.0,0.0,0.802,0.0,0.0,0.0,0.0,0.0,0.0,0.0
Uria aalge | Skomer | 1992,0.0,0.0,0.080808081,0.0,0.0,0.0,0.919191919,0.0,0.0,0.0,0.0,0.0,0.0,0.0,0.0,0.0,0.0,0.0,0.0,0.0,0.0,0.0,0.0,0.0,0.0,0.0,0.0,0.0,0.0,0.0,0.0,0.0,0.0,0.0,0.0,0.0,0.0,0.0,0.0,0.0,0.0
Uria aalge | Skomer | 1993,0.0,0.0,0.02244389,0.0,0.0,0.0,0.967581047,0.0,0.0,0.0,0.009975062,0.0,0.0,0.0,0.0,0.0,0.0,0.0,0.0,0.0,0.0,0.0,0.0,0.0,0.0,0.0,0.0,0.0,0.0,0.0,0.0,0.0,0.0,0.0,0.0,0.0,0.0,0.0,0.0,0.0,0.0
Uria aalge | Skomer | 1994,0.0,0.0,0.02244389,0.0,0.0,0.0,0.967581047,0.0,0.0,0.0,0.009975062,0.0,0.0,0.0,0.0,0.0,0.0,0.0,0.0,0.0,0.0,0.0,0.0,0.0,0.0,0.0,0.0,0.0,0.0,0.0,0.0,0.0,0.0,0.0,0.0,0.0,0.0,0.0,0.0,0.0,0.0
Uria aalge | Skomer | 1995,0.0,0.0,0.134770889,0.0,0.0,0.0,0.843665768,0.0,0.0,0.0,0.021563342,0.0,0.0,0.0,0.0,0.0,0.0,0.0,0.0,0.0,0.0,0.0,0.0,0.0,0.0,0.0,0.0,0.0,0.0,0.0,0.0,0.0,0.0,0.0,0.0,0.0,0.0,0.0,0.0,0.0,0.0
Uria aalge | Skomer | 1996,0.0,0.0,0.144230769,0.0,0.0,0.0,0.807692308,0.0,0.0,0.0,0.048076923,0.0,0.0,0.0,0.0,0.0,0.0,0.0,0.0,0.0,0.0,0.0,0.0,0.0,0.0,0.0,0.0,0.0,0.0,0.0,0.0,0.0,0.0,0.0,0.0,0.0,0.0,0.0,0.0,0.0,0.0
Uria aalge | Skomer | 1997,0.0,0.0,0.053254438,0.0,0.0,0.0,0.934911243,0.0,0.0,0.0,0.01183432,0.0,0.0,0.0,0.0,0.0,0.0,0.0,0.0,0.0,0.0,0.0,0.0,0.0,0.0,0.0,0.0,0.0,0.0,0.0,0.0,0.0,0.0,0.0,0.0,0.0,0.0,0.0,0.0,0.0,0.0
Uria aalge | Skomer | 1998,0.0,0.0,0.351398601,0.0,0.0,0.0,0.643356643,0.0,0.0,0.0,0.005244755,0.0,0.0,0.0,0.0,0.0,0.0,0.0,0.0,0.0,0.0,0.0,0.0,0.0,0.0,0.0,0.0,0.0,0.0,0.0,0.0,0.0,0.0,0.0,0.0,0.0,0.0,0.0,0.0,0.0,0.0
Uria aalge | Skomer | 1999,0.0,0.0,0.061788618,0.0,0.0,0.0,0.933333333,0.0,0.0,0.0,0.004878049,0.0,0.0,0.0,0.0,0.0,0.0,0.0,0.0,0.0,0.0,0.0,0.0,0.0,0.0,0.0,0.0,0.0,0.0,0.0,0.0,0.0,0.0,0.0,0.0,0.0,0.0,0.0,0.0,0.0,0.0
Uria aalge | Skomer | 2000,0.0,0.0,0.053020962,0.0,0.0,0.0,0.944512947,0.0,0.0,0.0,0.0,0.0,0.0,0.0,0.0,0.0,0.0,0.0,0.0,0.0,0.0,0.0,0.0,0.0,0.0,0.0,0.0,0.0,0.0,0.0,0.0,0.0,0.0,0.0,0.0,0.0,0.0,0.0,0.0,0.0,0.0
Uria aalge | Skomer | 2001,0.0,0.0,0.072022161,0.0,0.0,0.0,0.968144044,0.0,0.0,0.0,0.001385042,0.0,0.0,0.0,0.0,0.0,0.0,0.0,0.0,0.0,0.0,0.0,0.0,0.0,0.0,0.0,0.0,0.0,0.0,0.0,0.0,0.0,0.0,0.0,0.0,0.0,0.0,0.0,0.0,0.0,0.0
Uria aalge | Skomer | 2002,0.0,0.0,0.053097345,0.0,0.0,0.0,0.946902655,0.0,0.0,0.0,0.0,0.0,0.0,0.0,0.0,0.0,0.0,0.0,0.0,0.0,0.0,0.0,0.0,0.0,0.0,0.0,0.0,0.0,0.0,0.0,0.0,0.0,0.0,0.0,0.0,0.0,0.0,0.0,0.0,0.0,0.0
Uria aalge | Skomer | 2003,0.0,0.0,0.005813953,0.0,0.0,0.0,0.988372093,0.0,0.0,0.0,0.005813953,0.0,0.0,0.0,0.0,0.0,0.0,0.0,0.0,0.0,0.0,0.0,0.0,0.0,0.0,0.0,0.0,0.0,0.0,0.0,0.0,0.0,0.0,0.0,0.0,0.0,0.0,0.0,0.0,0.0,0.0
Uria aalge | Skomer | 2004,0.0,0.0,0.044414536,0.0,0.0,0.0,0.955585464,0.0,0.0,0.0,0.0,0.0,0.0,0.0,0.0,0.0,0.0,0.0,0.0,0.0,0.0,0.0,0.0,0.0,0.0,0.0,0.0,0.0,0.0,0.0,0.0,0.0,0.0,0.0,0.0,0.0,0.0,0.0,0.0,0.0,0.0
Uria aalge | Skomer | 2005,0.0,0.0,0.004282655,0.0,0.0,0.0,0.989293362,0.0,0.0,0.0,0.006423983,0.0,0.0,0.0,0.0,0.0,0.0,0.0,0.0,0.0,0.0,0.0,0.0,0.0,0.0,0.0,0.0,0.0,0.0,0.0,0.0,0.0,0.0,0.0,0.0,0.0,0.0,0.0,0.0,0.0,0.0
Uria aalge | Skomer | 2006,0.0,0.0,0.087025316,0.0,0.0,0.0,0.90664557,0.0,0.0,0.0,0.006329114,0.0,0.0,0.0,0.0,0.0,0.0,0.0,0.0,0.0,0.0,0.0,0.0,0.0,0.0,0.0,0.0,0.0,0.0,0.0,0.0,0.0,0.0,0.0,0.0,0.0,0.0,0.0,0.0,0.0,0.0
Uria aalge | Skomer | 2007,0.0,0.0,0.046263345,0.0,0.0,0.0,0.939501779,0.0,0.0,0.0,0.014234875,0.0,0.0,0.0,0.0,0.0,0.0,0.0,0.0,0.0,0.0,0.0,0.0,0.0,0.0,0.0,0.0,0.0,0.0,0.0,0.0,0.0,0.0,0.0,0.0,0.0,0.0,0.0,0.0,0.0,0.0
Uria aalge | Skomer | 2008,0.0,0.0,0.029806259,0.0,0.0,0.0,0.922503726,0.0,0.0,0.0,0.047690015,0.0,0.0,0.0,0.0,0.0,0.0,0.0,0.0,0.0,0.0,0.0,0.0,0.0,0.0,0.0,0.0,0.0,0.0,0.0,0.0,0.0,0.0,0.0,0.0,0.0,0.0,0.0,0.0,0.0,0.0
Uria aalge | Skomer | 2009,0.0,0.0,0.123728814,0.0,0.0,0.0,0.859322034,0.0,0.0,0.0,0.016949153,0.0,0.0,0.0,0.0,0.0,0.0,0.0,0.0,0.0,0.0,0.0,0.0,0.0,0.0,0.0,0.0,0.0,0.0,0.0,0.0,0.0,0.0,0.0,0.0,0.0,0.0,0.0,0.0,0.0,0.0
Uria aalge | Skomer | 2010,0.0,0.0,0.275449102,0.0,0.0,0.0,0.721556886,0.0,0.0,0.0,0.002994012,0.0,0.0,0.0,0.0,0.0,0.0,0.0,0.0,0.0,0.0,0.0,0.0,0.0,0.0,0.0,0.0,0.0,0.0,0.0,0.0,0.0,0.0,0.0,0.0,0.0,0.0,0.0,0.0,0.0,0.0
Uria aalge | Skomer | 2011,0.0,0.0,0.073813708,0.0,0.0,0.0,0.924428822,0.0,0.0,0.0,0.001757469,0.0,0.0,0.0,0.0,0.0,0.0,0.0,0.0,0.0,0.0,0.0,0.0,0.0,0.0,0.0,0.0,0.0,0.0,0.0,0.0,0.0,0.0,0.0,0.0,0.0,0.0,0.0,0.0,0.0,0.0
Uria aalge | Skomer | 2012,0.0,0.0,0.073813708,0.0,0.0,0.0,0.948484848,0.0,0.0,0.0,0.003030303,0.0,0.0,0.0,0.0,0.0,0.0,0.0,0.0,0.0,0.0,0.0,0.0,0.0,0.0,0.0,0.0,0.0,0.0,0.0,0.0,0.0,0.0,0.0,0.0,0.0,0.0,0.0,0.0,0.0,0.0
Uria aalge | Skomer | 2013,0.0,0.0,0.275590551,0.0,0.0,0.0,0.650918635,0.0,0.0,0.0,0.073490814,0.0,0.0,0.0,0.0,0.0,0.0,0.0,0.0,0.0,0.0,0.0,0.0,0.0,0.0,0.0,0.0,0.0,0.0,0.0,0.0,0.0,0.0,0.0,0.0,0.0,0.0,0.0,0.0,0.0,0.0
Uria aalge | Skomer | 2014,0.0,0.0,0.232843137,0.0,0.0,0.0,0.651960784,0.0,0.0,0.0,0.115196078,0.0,0.0,0.0,0.0,0.0,0.0,0.0,0.0,0.0,0.0,0.0,0.0,0.0,0.0,0.0,0.0,0.0,0.0,0.0,0.0,0.0,0.0,0.0,0.0,0.0,0.0,0.0,0.0,0.0,0.0
Uria aalge | Skomer | 2015,0.0,0.0,0.189473684,0.0,0.0,0.0,0.68,0.0,0.0,0.0,0.130526316,0.0,0.0,0.0,0.0,0.0,0.0,0.0,0.0,0.0,0.0,0.0,0.0,0.0,0.0,0.0,0.0,0.0,0.0,0.0,0.0,0.0,0.0,0.0,0.0,0.0,0.0,0.0,0.0,0.0,0.0
Uria aalge | Skomer | 2016,0.0,0.0,0.174,0.0,0.0,0.0,0.59,0.0,0.0,0.0,0.024,0.0,0.0,0.0,0.0,0.0,0.0,0.0,0.0,0.0,0.0,0.0,0.0,0.0,0.0,0.0,0.0,0.0,0.0,0.0,0.0,0.0,0.0,0.0,0.0,0.0,0.0,0.0,0.0,0.0,0.0
Uria aalge | Skomer | 2017,0.0,0.0,0.118,0.0,0.0,0.0,0.524,0.0,0.0,0.0,0.189,0.0,0.0,0.0,0.0,0.0,0.0,0.0,0.0,0.0,0.0,0.04,0.24,0.08,0.0,0.06,0.0,0.0,0.0,0.0,0.0,0.0,0.0,0.52,0.0,0.0,0.0,0.0,0.0,0.0,0.0
Uria aalge | St Abbs | 2009,0.0,0.0,0.25,0.0,0.0,0.0,0.65,0.0,0.0,0.0,0.1,0.0,0.0,0.0,0.0,0.0,0.0,0.0,0.0,0.0,0.0,0.0,0.0,0.0,0.0,0.0,0.0,0.0,0.0,0.0,0.0,0.0,0.0,0.0,0.0,0.0,0.0,0.0,0.0,0.0,0.0
Uria aalge | St Kilda | 1988,0.1,0.0,0.0,0.0,0.0,0.0,0.2,0.0,0.0,0.0,0.5,0.0,0.0,0.0,0.0,0.0,0.0,0.0,0.0,0.0,0.0,0.0,0.0,0.0,0.0,0.0,0.0,0.0,0.0,0.0,0.0,0.0,0.0,0.0,0.0,0.2,0.0,0.5,0.0,0.0,0.0
Uria aalge | St Kilda | 2009,0.35,0.0,0.33,0.0,0.0,0.0,0.13,0.0,0.0,0.0,0.19,0.0,0.0,0.0,0.0,0.0,0.0,0.0,0.0,0.0,0.0,0.0,0.0,0.0,0.0,0.0,0.0,0.0,0.0,0.0,0.0,0.0,0.0,0.0,0.0,0.0,0.0,0.0,0.0,0.0,0.0
Uria aalge | St. Kilda Whale Rock Bank | 1988,0.0,0.89,0.0,0.0,0.0,0.0,0.22,0.0,0.0,0.0,0.11,0.0,0.0,0.0,0.0,0.0,0.0,0.0,0.0,0.0,0.0,0.0,0.0,0.0,0.0,0.33,0.0,0.0,0.0,0.0,0.0,0.0,0.0,0.0,0.0,0.0,0.0,0.0,0.0,0.0,0.0
Uria aalge | Sumburgh Head | 1991,0.0,0.0,0.3333333333333333,0.0,0.0,0.0,0.0,0.0,0.0,0.0,0.35,0.0,0.0,0.0,0.0,0.0,0.0,0.0,0.0,0.0,0.0,0.0,0.0,0.0,0.0,0.0,0.0,0.0,0.0,0.0,0.0,0.0,0.0,0.0,0.0,0.0,0.0,0.0,0.0,0.0,0.15
Uria aalge | Sumburgh Head | 2007,0.037,0.0,0.569,0.0,0.0,0.0,0.012,0.0,0.0,0.0,0.284,0.0,0.0,0.0,0.0,0.0,0.0,0.0,0.0,0.0,0.0,0.0,0.0,0.0,0.0,0.071,0.0,0.0,0.0,0.0,0.0,0.0,0.0,0.0,0.0,0.0,0.0,0.0,0.0,0.0,0.0
Uria aalge | Sumburgh Head | 2008,0.057,0.0,0.39,0.0,0.0,0.0,0.0,0.0,0.0,0.0,0.0,0.0,0.0,0.0,0.0,0.0,0.0,0.0,0.0,0.0,0.0,0.0,0.3205,0.0,0.0,0.007,0.0,0.0,0.0,0.0,0.262,0.0,0.0,0.0,0.0,0.0,0.0,0.0,0.0,0.0,0.0
Uria aalge | Sumburgh Head | 2009,0.03,0.0,0.486,0.0,0.0,0.0,0.06999999999999999,0.0,0.0,0.0,0.42,0.0,0.0,0.0,0.0,0.0,0.0,0.0,0.0,0.0,0.0,0.0,0.288,0.0,0.0,0.0,0.0,0.0,0.0,0.0,0.22,0.0,0.0,0.0,0.0,0.0,0.0,0.0,0.0,0.0,0.0
Uria aalge | Summer Isles | 1988,0.08,0.7,0.0,0.0,0.0,0.095,0.0,0.0,0.0,0.0,0.0,0.14,0.0,0.0,0.0,0.0,0.0,0.23,0.0,0.0,0.0,0.0,0.14,0.0,0.0,0.05500000000000001,0.0,0.0,0.0,0.0,0.0,0.0,0.0,0.14500000000000002,0.0,0.36,0.0,0.0,0.185,0.0,0.0
Uria aalge | Troup Head | 2009,0.0,0.0,0.79,0.0,0.0,0.0,0.13,0.0,0.0,0.0,0.08,0.0,0.0,0.0,0.0,0.0,0.0,0.0,0.0,0.0,0.0,0.0,0.0,0.0,0.0,0.0,0.0,0.0,0.0,0.0,0.0,0.0,0.0,0.0,0.0,0.0,0.0,0.0,0.0,0.0,0.0
